Date,Platform,Product,Daily Sales
2024-07-01,Shopee,Búp bê Barbie,497
2024-07-01,Shopee,Labubu,210
2024-07-01,Shopee,Capybara,270
2024-07-01,Shopee,Gấu bông,163
2024-07-01,TikTok,Búp bê Barbie,222
2024-07-01,TikTok,Labubu,380
2024-07-01,TikTok,Capybara,144
2024-07-01,TikTok,Gấu bông,252
2024-07-01,Lazada,Búp bê Barbie,234
2024-07-01,Lazada,Labubu,165
2024-07-01,Lazada,Capybara,61
2024-07-01,Lazada,Gấu bông,97
2024-07-02,Shopee,Búp bê Barbie,193
2024-07-02,Shopee,Labubu,50
2024-07-02,Shopee,Capybara,239
2024-07-02,Shopee,Gấu bông,330
2024-07-02,TikTok,Búp bê Barbie,300
2024-07-02,TikTok,Labubu,472
2024-07-02,TikTok,Capybara,434
2024-07-02,TikTok,Gấu bông,178
2024-07-02,Lazada,Búp bê Barbie,337
2024-07-02,Lazada,Labubu,205
2024-07-02,Lazada,Capybara,365
2024-07-02,Lazada,Gấu bông,446
2024-07-03,Shopee,Búp bê Barbie,448
2024-07-03,Shopee,Labubu,314
2024-07-03,Shopee,Capybara,369
2024-07-03,Shopee,Gấu bông,287
2024-07-03,TikTok,Búp bê Barbie,490
2024-07-03,TikTok,Labubu,138
2024-07-03,TikTok,Capybara,376
2024-07-03,TikTok,Gấu bông,394
2024-07-03,Lazada,Búp bê Barbie,356
2024-07-03,Lazada,Labubu,203
2024-07-03,Lazada,Capybara,171
2024-07-03,Lazada,Gấu bông,84
2024-07-04,Shopee,Búp bê Barbie,385
2024-07-04,Shopee,Labubu,384
2024-07-04,Shopee,Capybara,221
2024-07-04,Shopee,Gấu bông,73
2024-07-04,TikTok,Búp bê Barbie,472
2024-07-04,TikTok,Labubu,333
2024-07-04,TikTok,Capybara,471
2024-07-04,TikTok,Gấu bông,471
2024-07-04,Lazada,Búp bê Barbie,460
2024-07-04,Lazada,Labubu,115
2024-07-04,Lazada,Capybara,461
2024-07-04,Lazada,Gấu bông,298
2024-07-05,Shopee,Búp bê Barbie,452
2024-07-05,Shopee,Labubu,319
2024-07-05,Shopee,Capybara,302
2024-07-05,Shopee,Gấu bông,87
2024-07-05,TikTok,Búp bê Barbie,334
2024-07-05,TikTok,Labubu,144
2024-07-05,TikTok,Capybara,216
2024-07-05,TikTok,Gấu bông,126
2024-07-05,Lazada,Búp bê Barbie,92
2024-07-05,Lazada,Labubu,144
2024-07-05,Lazada,Capybara,126
2024-07-05,Lazada,Gấu bông,441
2024-07-06,Shopee,Búp bê Barbie,492
2024-07-06,Shopee,Labubu,375
2024-07-06,Shopee,Capybara,462
2024-07-06,Shopee,Gấu bông,165
2024-07-06,TikTok,Búp bê Barbie,307
2024-07-06,TikTok,Labubu,192
2024-07-06,TikTok,Capybara,234
2024-07-06,TikTok,Gấu bông,123
2024-07-06,Lazada,Búp bê Barbie,430
2024-07-06,Lazada,Labubu,335
2024-07-06,Lazada,Capybara,56
2024-07-06,Lazada,Gấu bông,99
2024-07-07,Shopee,Búp bê Barbie,253
2024-07-07,Shopee,Labubu,225
2024-07-07,Shopee,Capybara,499
2024-07-07,Shopee,Gấu bông,186
2024-07-07,TikTok,Búp bê Barbie,235
2024-07-07,TikTok,Labubu,190
2024-07-07,TikTok,Capybara,160
2024-07-07,TikTok,Gấu bông,195
2024-07-07,Lazada,Búp bê Barbie,482
2024-07-07,Lazada,Labubu,206
2024-07-07,Lazada,Capybara,258
2024-07-07,Lazada,Gấu bông,440
2024-07-08,Shopee,Búp bê Barbie,355
2024-07-08,Shopee,Labubu,182
2024-07-08,Shopee,Capybara,353
2024-07-08,Shopee,Gấu bông,237
2024-07-08,TikTok,Búp bê Barbie,207
2024-07-08,TikTok,Labubu,247
2024-07-08,TikTok,Capybara,199
2024-07-08,TikTok,Gấu bông,133
2024-07-08,Lazada,Búp bê Barbie,78
2024-07-08,Lazada,Labubu,77
2024-07-08,Lazada,Capybara,372
2024-07-08,Lazada,Gấu bông,472
2024-07-09,Shopee,Búp bê Barbie,159
2024-07-09,Shopee,Labubu,351
2024-07-09,Shopee,Capybara,354
2024-07-09,Shopee,Gấu bông,484
2024-07-09,TikTok,Búp bê Barbie,131
2024-07-09,TikTok,Labubu,357
2024-07-09,TikTok,Capybara,297
2024-07-09,TikTok,Gấu bông,81
2024-07-09,Lazada,Búp bê Barbie,499
2024-07-09,Lazada,Labubu,283
2024-07-09,Lazada,Capybara,329
2024-07-09,Lazada,Gấu bông,158
2024-07-10,Shopee,Búp bê Barbie,372
2024-07-10,Shopee,Labubu,268
2024-07-10,Shopee,Capybara,66
2024-07-10,Shopee,Gấu bông,113
2024-07-10,TikTok,Búp bê Barbie,385
2024-07-10,TikTok,Labubu,187
2024-07-10,TikTok,Capybara,157
2024-07-10,TikTok,Gấu bông,240
2024-07-10,Lazada,Búp bê Barbie,126
2024-07-10,Lazada,Labubu,169
2024-07-10,Lazada,Capybara,352
2024-07-10,Lazada,Gấu bông,170
2024-07-11,Shopee,Búp bê Barbie,489
2024-07-11,Shopee,Labubu,496
2024-07-11,Shopee,Capybara,193
2024-07-11,Shopee,Gấu bông,420
2024-07-11,TikTok,Búp bê Barbie,304
2024-07-11,TikTok,Labubu,338
2024-07-11,TikTok,Capybara,239
2024-07-11,TikTok,Gấu bông,460
2024-07-11,Lazada,Búp bê Barbie,153
2024-07-11,Lazada,Labubu,279
2024-07-11,Lazada,Capybara,437
2024-07-11,Lazada,Gấu bông,461
2024-07-12,Shopee,Búp bê Barbie,362
2024-07-12,Shopee,Labubu,200
2024-07-12,Shopee,Capybara,435
2024-07-12,Shopee,Gấu bông,198
2024-07-12,TikTok,Búp bê Barbie,123
2024-07-12,TikTok,Labubu,331
2024-07-12,TikTok,Capybara,414
2024-07-12,TikTok,Gấu bông,144
2024-07-12,Lazada,Búp bê Barbie,321
2024-07-12,Lazada,Labubu,494
2024-07-12,Lazada,Capybara,382
2024-07-12,Lazada,Gấu bông,113
2024-07-13,Shopee,Búp bê Barbie,245
2024-07-13,Shopee,Labubu,487
2024-07-13,Shopee,Capybara,449
2024-07-13,Shopee,Gấu bông,235
2024-07-13,TikTok,Búp bê Barbie,254
2024-07-13,TikTok,Labubu,159
2024-07-13,TikTok,Capybara,449
2024-07-13,TikTok,Gấu bông,239
2024-07-13,Lazada,Búp bê Barbie,85
2024-07-13,Lazada,Labubu,147
2024-07-13,Lazada,Capybara,268
2024-07-13,Lazada,Gấu bông,448
2024-07-14,Shopee,Búp bê Barbie,467
2024-07-14,Shopee,Labubu,95
2024-07-14,Shopee,Capybara,65
2024-07-14,Shopee,Gấu bông,196
2024-07-14,TikTok,Búp bê Barbie,258
2024-07-14,TikTok,Labubu,465
2024-07-14,TikTok,Capybara,164
2024-07-14,TikTok,Gấu bông,79
2024-07-14,Lazada,Búp bê Barbie,331
2024-07-14,Lazada,Labubu,402
2024-07-14,Lazada,Capybara,141
2024-07-14,Lazada,Gấu bông,84
2024-07-15,Shopee,Búp bê Barbie,196
2024-07-15,Shopee,Labubu,416
2024-07-15,Shopee,Capybara,365
2024-07-15,Shopee,Gấu bông,67
2024-07-15,TikTok,Búp bê Barbie,228
2024-07-15,TikTok,Labubu,263
2024-07-15,TikTok,Capybara,375
2024-07-15,TikTok,Gấu bông,181
2024-07-15,Lazada,Búp bê Barbie,367
2024-07-15,Lazada,Labubu,64
2024-07-15,Lazada,Capybara,72
2024-07-15,Lazada,Gấu bông,59
2024-07-16,Shopee,Búp bê Barbie,263
2024-07-16,Shopee,Labubu,356
2024-07-16,Shopee,Capybara,465
2024-07-16,Shopee,Gấu bông,140
2024-07-16,TikTok,Búp bê Barbie,440
2024-07-16,TikTok,Labubu,53
2024-07-16,TikTok,Capybara,345
2024-07-16,TikTok,Gấu bông,419
2024-07-16,Lazada,Búp bê Barbie,60
2024-07-16,Lazada,Labubu,403
2024-07-16,Lazada,Capybara,290
2024-07-16,Lazada,Gấu bông,52
2024-07-17,Shopee,Búp bê Barbie,186
2024-07-17,Shopee,Labubu,297
2024-07-17,Shopee,Capybara,75
2024-07-17,Shopee,Gấu bông,408
2024-07-17,TikTok,Búp bê Barbie,347
2024-07-17,TikTok,Labubu,62
2024-07-17,TikTok,Capybara,350
2024-07-17,TikTok,Gấu bông,255
2024-07-17,Lazada,Búp bê Barbie,92
2024-07-17,Lazada,Labubu,380
2024-07-17,Lazada,Capybara,110
2024-07-17,Lazada,Gấu bông,451
2024-07-18,Shopee,Búp bê Barbie,373
2024-07-18,Shopee,Labubu,189
2024-07-18,Shopee,Capybara,366
2024-07-18,Shopee,Gấu bông,148
2024-07-18,TikTok,Búp bê Barbie,397
2024-07-18,TikTok,Labubu,62
2024-07-18,TikTok,Capybara,212
2024-07-18,TikTok,Gấu bông,264
2024-07-18,Lazada,Búp bê Barbie,310
2024-07-18,Lazada,Labubu,396
2024-07-18,Lazada,Capybara,467
2024-07-18,Lazada,Gấu bông,479
2024-07-19,Shopee,Búp bê Barbie,231
2024-07-19,Shopee,Labubu,440
2024-07-19,Shopee,Capybara,109
2024-07-19,Shopee,Gấu bông,459
2024-07-19,TikTok,Búp bê Barbie,140
2024-07-19,TikTok,Labubu,189
2024-07-19,TikTok,Capybara,69
2024-07-19,TikTok,Gấu bông,290
2024-07-19,Lazada,Búp bê Barbie,214
2024-07-19,Lazada,Labubu,162
2024-07-19,Lazada,Capybara,63
2024-07-19,Lazada,Gấu bông,116
2024-07-20,Shopee,Búp bê Barbie,259
2024-07-20,Shopee,Labubu,56
2024-07-20,Shopee,Capybara,169
2024-07-20,Shopee,Gấu bông,373
2024-07-20,TikTok,Búp bê Barbie,459
2024-07-20,TikTok,Labubu,225
2024-07-20,TikTok,Capybara,443
2024-07-20,TikTok,Gấu bông,334
2024-07-20,Lazada,Búp bê Barbie,153
2024-07-20,Lazada,Labubu,133
2024-07-20,Lazada,Capybara,248
2024-07-20,Lazada,Gấu bông,380
2024-07-21,Shopee,Búp bê Barbie,462
2024-07-21,Shopee,Labubu,130
2024-07-21,Shopee,Capybara,268
2024-07-21,Shopee,Gấu bông,437
2024-07-21,TikTok,Búp bê Barbie,435
2024-07-21,TikTok,Labubu,435
2024-07-21,TikTok,Capybara,137
2024-07-21,TikTok,Gấu bông,322
2024-07-21,Lazada,Búp bê Barbie,144
2024-07-21,Lazada,Labubu,333
2024-07-21,Lazada,Capybara,409
2024-07-21,Lazada,Gấu bông,63
2024-07-22,Shopee,Búp bê Barbie,165
2024-07-22,Shopee,Labubu,310
2024-07-22,Shopee,Capybara,476
2024-07-22,Shopee,Gấu bông,96
2024-07-22,TikTok,Búp bê Barbie,119
2024-07-22,TikTok,Labubu,445
2024-07-22,TikTok,Capybara,191
2024-07-22,TikTok,Gấu bông,152
2024-07-22,Lazada,Búp bê Barbie,228
2024-07-22,Lazada,Labubu,286
2024-07-22,Lazada,Capybara,223
2024-07-22,Lazada,Gấu bông,279
2024-07-23,Shopee,Búp bê Barbie,89
2024-07-23,Shopee,Labubu,277
2024-07-23,Shopee,Capybara,298
2024-07-23,Shopee,Gấu bông,96
2024-07-23,TikTok,Búp bê Barbie,78
2024-07-23,TikTok,Labubu,239
2024-07-23,TikTok,Capybara,200
2024-07-23,TikTok,Gấu bông,398
2024-07-23,Lazada,Búp bê Barbie,323
2024-07-23,Lazada,Labubu,489
2024-07-23,Lazada,Capybara,353
2024-07-23,Lazada,Gấu bông,164
2024-07-24,Shopee,Búp bê Barbie,149
2024-07-24,Shopee,Labubu,179
2024-07-24,Shopee,Capybara,169
2024-07-24,Shopee,Gấu bông,304
2024-07-24,TikTok,Búp bê Barbie,144
2024-07-24,TikTok,Labubu,371
2024-07-24,TikTok,Capybara,366
2024-07-24,TikTok,Gấu bông,107
2024-07-24,Lazada,Búp bê Barbie,171
2024-07-24,Lazada,Labubu,411
2024-07-24,Lazada,Capybara,210
2024-07-24,Lazada,Gấu bông,494
2024-07-25,Shopee,Búp bê Barbie,499
2024-07-25,Shopee,Labubu,171
2024-07-25,Shopee,Capybara,191
2024-07-25,Shopee,Gấu bông,489
2024-07-25,TikTok,Búp bê Barbie,132
2024-07-25,TikTok,Labubu,69
2024-07-25,TikTok,Capybara,456
2024-07-25,TikTok,Gấu bông,141
2024-07-25,Lazada,Búp bê Barbie,342
2024-07-25,Lazada,Labubu,158
2024-07-25,Lazada,Capybara,72
2024-07-25,Lazada,Gấu bông,447
2024-07-26,Shopee,Búp bê Barbie,217
2024-07-26,Shopee,Labubu,349
2024-07-26,Shopee,Capybara,353
2024-07-26,Shopee,Gấu bông,492
2024-07-26,TikTok,Búp bê Barbie,69
2024-07-26,TikTok,Labubu,242
2024-07-26,TikTok,Capybara,162
2024-07-26,TikTok,Gấu bông,422
2024-07-26,Lazada,Búp bê Barbie,302
2024-07-26,Lazada,Labubu,278
2024-07-26,Lazada,Capybara,441
2024-07-26,Lazada,Gấu bông,337
2024-07-27,Shopee,Búp bê Barbie,71
2024-07-27,Shopee,Labubu,420
2024-07-27,Shopee,Capybara,452
2024-07-27,Shopee,Gấu bông,73
2024-07-27,TikTok,Búp bê Barbie,351
2024-07-27,TikTok,Labubu,187
2024-07-27,TikTok,Capybara,99
2024-07-27,TikTok,Gấu bông,361
2024-07-27,Lazada,Búp bê Barbie,216
2024-07-27,Lazada,Labubu,363
2024-07-27,Lazada,Capybara,317
2024-07-27,Lazada,Gấu bông,441
2024-07-28,Shopee,Búp bê Barbie,76
2024-07-28,Shopee,Labubu,283
2024-07-28,Shopee,Capybara,412
2024-07-28,Shopee,Gấu bông,287
2024-07-28,TikTok,Búp bê Barbie,279
2024-07-28,TikTok,Labubu,252
2024-07-28,TikTok,Capybara,94
2024-07-28,TikTok,Gấu bông,310
2024-07-28,Lazada,Búp bê Barbie,252
2024-07-28,Lazada,Labubu,255
2024-07-28,Lazada,Capybara,273
2024-07-28,Lazada,Gấu bông,399
2024-07-29,Shopee,Búp bê Barbie,193
2024-07-29,Shopee,Labubu,188
2024-07-29,Shopee,Capybara,465
2024-07-29,Shopee,Gấu bông,61
2024-07-29,TikTok,Búp bê Barbie,206
2024-07-29,TikTok,Labubu,373
2024-07-29,TikTok,Capybara,211
2024-07-29,TikTok,Gấu bông,342
2024-07-29,Lazada,Búp bê Barbie,491
2024-07-29,Lazada,Labubu,144
2024-07-29,Lazada,Capybara,72
2024-07-29,Lazada,Gấu bông,317
2024-07-30,Shopee,Búp bê Barbie,428
2024-07-30,Shopee,Labubu,366
2024-07-30,Shopee,Capybara,107
2024-07-30,Shopee,Gấu bông,235
2024-07-30,TikTok,Búp bê Barbie,420
2024-07-30,TikTok,Labubu,145
2024-07-30,TikTok,Capybara,191
2024-07-30,TikTok,Gấu bông,358
2024-07-30,Lazada,Búp bê Barbie,484
2024-07-30,Lazada,Labubu,69
2024-07-30,Lazada,Capybara,177
2024-07-30,Lazada,Gấu bông,296
2024-07-31,Shopee,Búp bê Barbie,449
2024-07-31,Shopee,Labubu,375
2024-07-31,Shopee,Capybara,365
2024-07-31,Shopee,Gấu bông,188
2024-07-31,TikTok,Búp bê Barbie,371
2024-07-31,TikTok,Labubu,288
2024-07-31,TikTok,Capybara,265
2024-07-31,TikTok,Gấu bông,197
2024-07-31,Lazada,Búp bê Barbie,401
2024-07-31,Lazada,Labubu,488
2024-07-31,Lazada,Capybara,410
2024-07-31,Lazada,Gấu bông,79
2024-08-01,Shopee,Búp bê Barbie,459
2024-08-01,Shopee,Labubu,255
2024-08-01,Shopee,Capybara,152
2024-08-01,Shopee,Gấu bông,334
2024-08-01,TikTok,Búp bê Barbie,466
2024-08-01,TikTok,Labubu,165
2024-08-01,TikTok,Capybara,262
2024-08-01,TikTok,Gấu bông,392
2024-08-01,Lazada,Búp bê Barbie,367
2024-08-01,Lazada,Labubu,345
2024-08-01,Lazada,Capybara,63
2024-08-01,Lazada,Gấu bông,315
2024-08-02,Shopee,Búp bê Barbie,77
2024-08-02,Shopee,Labubu,491
2024-08-02,Shopee,Capybara,414
2024-08-02,Shopee,Gấu bông,248
2024-08-02,TikTok,Búp bê Barbie,134
2024-08-02,TikTok,Labubu,102
2024-08-02,TikTok,Capybara,479
2024-08-02,TikTok,Gấu bông,325
2024-08-02,Lazada,Búp bê Barbie,97
2024-08-02,Lazada,Labubu,76
2024-08-02,Lazada,Capybara,84
2024-08-02,Lazada,Gấu bông,227
2024-08-03,Shopee,Búp bê Barbie,64
2024-08-03,Shopee,Labubu,403
2024-08-03,Shopee,Capybara,293
2024-08-03,Shopee,Gấu bông,374
2024-08-03,TikTok,Búp bê Barbie,485
2024-08-03,TikTok,Labubu,426
2024-08-03,TikTok,Capybara,58
2024-08-03,TikTok,Gấu bông,374
2024-08-03,Lazada,Búp bê Barbie,459
2024-08-03,Lazada,Labubu,212
2024-08-03,Lazada,Capybara,420
2024-08-03,Lazada,Gấu bông,364
2024-08-04,Shopee,Búp bê Barbie,66
2024-08-04,Shopee,Labubu,478
2024-08-04,Shopee,Capybara,361
2024-08-04,Shopee,Gấu bông,477
2024-08-04,TikTok,Búp bê Barbie,309
2024-08-04,TikTok,Labubu,443
2024-08-04,TikTok,Capybara,127
2024-08-04,TikTok,Gấu bông,201
2024-08-04,Lazada,Búp bê Barbie,484
2024-08-04,Lazada,Labubu,133
2024-08-04,Lazada,Capybara,215
2024-08-04,Lazada,Gấu bông,159
2024-08-05,Shopee,Búp bê Barbie,82
2024-08-05,Shopee,Labubu,140
2024-08-05,Shopee,Capybara,248
2024-08-05,Shopee,Gấu bông,212
2024-08-05,TikTok,Búp bê Barbie,414
2024-08-05,TikTok,Labubu,432
2024-08-05,TikTok,Capybara,173
2024-08-05,TikTok,Gấu bông,171
2024-08-05,Lazada,Búp bê Barbie,193
2024-08-05,Lazada,Labubu,387
2024-08-05,Lazada,Capybara,179
2024-08-05,Lazada,Gấu bông,92
2024-08-06,Shopee,Búp bê Barbie,479
2024-08-06,Shopee,Labubu,410
2024-08-06,Shopee,Capybara,372
2024-08-06,Shopee,Gấu bông,109
2024-08-06,TikTok,Búp bê Barbie,55
2024-08-06,TikTok,Labubu,494
2024-08-06,TikTok,Capybara,457
2024-08-06,TikTok,Gấu bông,461
2024-08-06,Lazada,Búp bê Barbie,499
2024-08-06,Lazada,Labubu,126
2024-08-06,Lazada,Capybara,363
2024-08-06,Lazada,Gấu bông,207
2024-08-07,Shopee,Búp bê Barbie,195
2024-08-07,Shopee,Labubu,179
2024-08-07,Shopee,Capybara,468
2024-08-07,Shopee,Gấu bông,380
2024-08-07,TikTok,Búp bê Barbie,286
2024-08-07,TikTok,Labubu,222
2024-08-07,TikTok,Capybara,471
2024-08-07,TikTok,Gấu bông,134
2024-08-07,Lazada,Búp bê Barbie,348
2024-08-07,Lazada,Labubu,194
2024-08-07,Lazada,Capybara,327
2024-08-07,Lazada,Gấu bông,494
2024-08-08,Shopee,Búp bê Barbie,70
2024-08-08,Shopee,Labubu,394
2024-08-08,Shopee,Capybara,357
2024-08-08,Shopee,Gấu bông,343
2024-08-08,TikTok,Búp bê Barbie,216
2024-08-08,TikTok,Labubu,227
2024-08-08,TikTok,Capybara,430
2024-08-08,TikTok,Gấu bông,484
2024-08-08,Lazada,Búp bê Barbie,495
2024-08-08,Lazada,Labubu,166
2024-08-08,Lazada,Capybara,243
2024-08-08,Lazada,Gấu bông,231
2024-08-09,Shopee,Búp bê Barbie,157
2024-08-09,Shopee,Labubu,379
2024-08-09,Shopee,Capybara,387
2024-08-09,Shopee,Gấu bông,400
2024-08-09,TikTok,Búp bê Barbie,255
2024-08-09,TikTok,Labubu,258
2024-08-09,TikTok,Capybara,359
2024-08-09,TikTok,Gấu bông,121
2024-08-09,Lazada,Búp bê Barbie,376
2024-08-09,Lazada,Labubu,178
2024-08-09,Lazada,Capybara,210
2024-08-09,Lazada,Gấu bông,156
2024-08-10,Shopee,Búp bê Barbie,338
2024-08-10,Shopee,Labubu,288
2024-08-10,Shopee,Capybara,135
2024-08-10,Shopee,Gấu bông,234
2024-08-10,TikTok,Búp bê Barbie,457
2024-08-10,TikTok,Labubu,495
2024-08-10,TikTok,Capybara,448
2024-08-10,TikTok,Gấu bông,323
2024-08-10,Lazada,Búp bê Barbie,118
2024-08-10,Lazada,Labubu,280
2024-08-10,Lazada,Capybara,257
2024-08-10,Lazada,Gấu bông,55
2024-08-11,Shopee,Búp bê Barbie,158
2024-08-11,Shopee,Labubu,183
2024-08-11,Shopee,Capybara,467
2024-08-11,Shopee,Gấu bông,463
2024-08-11,TikTok,Búp bê Barbie,329
2024-08-11,TikTok,Labubu,296
2024-08-11,TikTok,Capybara,59
2024-08-11,TikTok,Gấu bông,360
2024-08-11,Lazada,Búp bê Barbie,209
2024-08-11,Lazada,Labubu,50
2024-08-11,Lazada,Capybara,340
2024-08-11,Lazada,Gấu bông,347
2024-08-12,Shopee,Búp bê Barbie,274
2024-08-12,Shopee,Labubu,246
2024-08-12,Shopee,Capybara,243
2024-08-12,Shopee,Gấu bông,325
2024-08-12,TikTok,Búp bê Barbie,377
2024-08-12,TikTok,Labubu,115
2024-08-12,TikTok,Capybara,486
2024-08-12,TikTok,Gấu bông,412
2024-08-12,Lazada,Búp bê Barbie,255
2024-08-12,Lazada,Labubu,398
2024-08-12,Lazada,Capybara,335
2024-08-12,Lazada,Gấu bông,413
2024-08-13,Shopee,Búp bê Barbie,458
2024-08-13,Shopee,Labubu,247
2024-08-13,Shopee,Capybara,350
2024-08-13,Shopee,Gấu bông,235
2024-08-13,TikTok,Búp bê Barbie,481
2024-08-13,TikTok,Labubu,378
2024-08-13,TikTok,Capybara,492
2024-08-13,TikTok,Gấu bông,146
2024-08-13,Lazada,Búp bê Barbie,316
2024-08-13,Lazada,Labubu,160
2024-08-13,Lazada,Capybara,367
2024-08-13,Lazada,Gấu bông,363
2024-08-14,Shopee,Búp bê Barbie,258
2024-08-14,Shopee,Labubu,265
2024-08-14,Shopee,Capybara,471
2024-08-14,Shopee,Gấu bông,253
2024-08-14,TikTok,Búp bê Barbie,248
2024-08-14,TikTok,Labubu,228
2024-08-14,TikTok,Capybara,490
2024-08-14,TikTok,Gấu bông,373
2024-08-14,Lazada,Búp bê Barbie,278
2024-08-14,Lazada,Labubu,391
2024-08-14,Lazada,Capybara,162
2024-08-14,Lazada,Gấu bông,80
2024-08-15,Shopee,Búp bê Barbie,142
2024-08-15,Shopee,Labubu,285
2024-08-15,Shopee,Capybara,349
2024-08-15,Shopee,Gấu bông,350
2024-08-15,TikTok,Búp bê Barbie,260
2024-08-15,TikTok,Labubu,243
2024-08-15,TikTok,Capybara,186
2024-08-15,TikTok,Gấu bông,220
2024-08-15,Lazada,Búp bê Barbie,204
2024-08-15,Lazada,Labubu,146
2024-08-15,Lazada,Capybara,451
2024-08-15,Lazada,Gấu bông,489
2024-08-16,Shopee,Búp bê Barbie,448
2024-08-16,Shopee,Labubu,322
2024-08-16,Shopee,Capybara,247
2024-08-16,Shopee,Gấu bông,354
2024-08-16,TikTok,Búp bê Barbie,97
2024-08-16,TikTok,Labubu,209
2024-08-16,TikTok,Capybara,460
2024-08-16,TikTok,Gấu bông,264
2024-08-16,Lazada,Búp bê Barbie,74
2024-08-16,Lazada,Labubu,405
2024-08-16,Lazada,Capybara,184
2024-08-16,Lazada,Gấu bông,250
2024-08-17,Shopee,Búp bê Barbie,200
2024-08-17,Shopee,Labubu,71
2024-08-17,Shopee,Capybara,170
2024-08-17,Shopee,Gấu bông,86
2024-08-17,TikTok,Búp bê Barbie,190
2024-08-17,TikTok,Labubu,163
2024-08-17,TikTok,Capybara,174
2024-08-17,TikTok,Gấu bông,450
2024-08-17,Lazada,Búp bê Barbie,315
2024-08-17,Lazada,Labubu,336
2024-08-17,Lazada,Capybara,180
2024-08-17,Lazada,Gấu bông,249
2024-08-18,Shopee,Búp bê Barbie,68
2024-08-18,Shopee,Labubu,233
2024-08-18,Shopee,Capybara,117
2024-08-18,Shopee,Gấu bông,285
2024-08-18,TikTok,Búp bê Barbie,352
2024-08-18,TikTok,Labubu,414
2024-08-18,TikTok,Capybara,497
2024-08-18,TikTok,Gấu bông,455
2024-08-18,Lazada,Búp bê Barbie,298
2024-08-18,Lazada,Labubu,467
2024-08-18,Lazada,Capybara,130
2024-08-18,Lazada,Gấu bông,222
2024-08-19,Shopee,Búp bê Barbie,233
2024-08-19,Shopee,Labubu,109
2024-08-19,Shopee,Capybara,331
2024-08-19,Shopee,Gấu bông,341
2024-08-19,TikTok,Búp bê Barbie,172
2024-08-19,TikTok,Labubu,236
2024-08-19,TikTok,Capybara,314
2024-08-19,TikTok,Gấu bông,433
2024-08-19,Lazada,Búp bê Barbie,60
2024-08-19,Lazada,Labubu,378
2024-08-19,Lazada,Capybara,247
2024-08-19,Lazada,Gấu bông,173
2024-08-20,Shopee,Búp bê Barbie,206
2024-08-20,Shopee,Labubu,401
2024-08-20,Shopee,Capybara,226
2024-08-20,Shopee,Gấu bông,380
2024-08-20,TikTok,Búp bê Barbie,136
2024-08-20,TikTok,Labubu,237
2024-08-20,TikTok,Capybara,311
2024-08-20,TikTok,Gấu bông,199
2024-08-20,Lazada,Búp bê Barbie,145
2024-08-20,Lazada,Labubu,92
2024-08-20,Lazada,Capybara,174
2024-08-20,Lazada,Gấu bông,221
2024-08-21,Shopee,Búp bê Barbie,403
2024-08-21,Shopee,Labubu,297
2024-08-21,Shopee,Capybara,481
2024-08-21,Shopee,Gấu bông,181
2024-08-21,TikTok,Búp bê Barbie,388
2024-08-21,TikTok,Labubu,301
2024-08-21,TikTok,Capybara,248
2024-08-21,TikTok,Gấu bông,222
2024-08-21,Lazada,Búp bê Barbie,473
2024-08-21,Lazada,Labubu,246
2024-08-21,Lazada,Capybara,291
2024-08-21,Lazada,Gấu bông,244
2024-08-22,Shopee,Búp bê Barbie,474
2024-08-22,Shopee,Labubu,301
2024-08-22,Shopee,Capybara,323
2024-08-22,Shopee,Gấu bông,326
2024-08-22,TikTok,Búp bê Barbie,200
2024-08-22,TikTok,Labubu,67
2024-08-22,TikTok,Capybara,111
2024-08-22,TikTok,Gấu bông,474
2024-08-22,Lazada,Búp bê Barbie,150
2024-08-22,Lazada,Labubu,427
2024-08-22,Lazada,Capybara,459
2024-08-22,Lazada,Gấu bông,444
2024-08-23,Shopee,Búp bê Barbie,125
2024-08-23,Shopee,Labubu,183
2024-08-23,Shopee,Capybara,191
2024-08-23,Shopee,Gấu bông,132
2024-08-23,TikTok,Búp bê Barbie,176
2024-08-23,TikTok,Labubu,196
2024-08-23,TikTok,Capybara,324
2024-08-23,TikTok,Gấu bông,146
2024-08-23,Lazada,Búp bê Barbie,326
2024-08-23,Lazada,Labubu,276
2024-08-23,Lazada,Capybara,456
2024-08-23,Lazada,Gấu bông,109
2024-08-24,Shopee,Búp bê Barbie,482
2024-08-24,Shopee,Labubu,128
2024-08-24,Shopee,Capybara,70
2024-08-24,Shopee,Gấu bông,186
2024-08-24,TikTok,Búp bê Barbie,439
2024-08-24,TikTok,Labubu,252
2024-08-24,TikTok,Capybara,394
2024-08-24,TikTok,Gấu bông,142
2024-08-24,Lazada,Búp bê Barbie,99
2024-08-24,Lazada,Labubu,127
2024-08-24,Lazada,Capybara,309
2024-08-24,Lazada,Gấu bông,417
2024-08-25,Shopee,Búp bê Barbie,167
2024-08-25,Shopee,Labubu,358
2024-08-25,Shopee,Capybara,381
2024-08-25,Shopee,Gấu bông,343
2024-08-25,TikTok,Búp bê Barbie,328
2024-08-25,TikTok,Labubu,57
2024-08-25,TikTok,Capybara,177
2024-08-25,TikTok,Gấu bông,354
2024-08-25,Lazada,Búp bê Barbie,76
2024-08-25,Lazada,Labubu,89
2024-08-25,Lazada,Capybara,453
2024-08-25,Lazada,Gấu bông,253
2024-08-26,Shopee,Búp bê Barbie,118
2024-08-26,Shopee,Labubu,319
2024-08-26,Shopee,Capybara,401
2024-08-26,Shopee,Gấu bông,102
2024-08-26,TikTok,Búp bê Barbie,227
2024-08-26,TikTok,Labubu,479
2024-08-26,TikTok,Capybara,410
2024-08-26,TikTok,Gấu bông,145
2024-08-26,Lazada,Búp bê Barbie,202
2024-08-26,Lazada,Labubu,332
2024-08-26,Lazada,Capybara,340
2024-08-26,Lazada,Gấu bông,233
2024-08-27,Shopee,Búp bê Barbie,358
2024-08-27,Shopee,Labubu,478
2024-08-27,Shopee,Capybara,404
2024-08-27,Shopee,Gấu bông,123
2024-08-27,TikTok,Búp bê Barbie,180
2024-08-27,TikTok,Labubu,227
2024-08-27,TikTok,Capybara,175
2024-08-27,TikTok,Gấu bông,142
2024-08-27,Lazada,Búp bê Barbie,192
2024-08-27,Lazada,Labubu,414
2024-08-27,Lazada,Capybara,398
2024-08-27,Lazada,Gấu bông,280
2024-08-28,Shopee,Búp bê Barbie,301
2024-08-28,Shopee,Labubu,260
2024-08-28,Shopee,Capybara,237
2024-08-28,Shopee,Gấu bông,104
2024-08-28,TikTok,Búp bê Barbie,277
2024-08-28,TikTok,Labubu,380
2024-08-28,TikTok,Capybara,160
2024-08-28,TikTok,Gấu bông,203
2024-08-28,Lazada,Búp bê Barbie,87
2024-08-28,Lazada,Labubu,155
2024-08-28,Lazada,Capybara,380
2024-08-28,Lazada,Gấu bông,102
2024-08-29,Shopee,Búp bê Barbie,256
2024-08-29,Shopee,Labubu,377
2024-08-29,Shopee,Capybara,236
2024-08-29,Shopee,Gấu bông,176
2024-08-29,TikTok,Búp bê Barbie,295
2024-08-29,TikTok,Labubu,175
2024-08-29,TikTok,Capybara,180
2024-08-29,TikTok,Gấu bông,64
2024-08-29,Lazada,Búp bê Barbie,392
2024-08-29,Lazada,Labubu,407
2024-08-29,Lazada,Capybara,392
2024-08-29,Lazada,Gấu bông,65
2024-08-30,Shopee,Búp bê Barbie,429
2024-08-30,Shopee,Labubu,481
2024-08-30,Shopee,Capybara,234
2024-08-30,Shopee,Gấu bông,229
2024-08-30,TikTok,Búp bê Barbie,112
2024-08-30,TikTok,Labubu,445
2024-08-30,TikTok,Capybara,426
2024-08-30,TikTok,Gấu bông,267
2024-08-30,Lazada,Búp bê Barbie,433
2024-08-30,Lazada,Labubu,190
2024-08-30,Lazada,Capybara,351
2024-08-30,Lazada,Gấu bông,130
2024-08-31,Shopee,Búp bê Barbie,351
2024-08-31,Shopee,Labubu,472
2024-08-31,Shopee,Capybara,174
2024-08-31,Shopee,Gấu bông,362
2024-08-31,TikTok,Búp bê Barbie,226
2024-08-31,TikTok,Labubu,221
2024-08-31,TikTok,Capybara,54
2024-08-31,TikTok,Gấu bông,417
2024-08-31,Lazada,Búp bê Barbie,179
2024-08-31,Lazada,Labubu,300
2024-08-31,Lazada,Capybara,138
2024-08-31,Lazada,Gấu bông,135
2024-09-01,Shopee,Búp bê Barbie,224
2024-09-01,Shopee,Labubu,76
2024-09-01,Shopee,Capybara,343
2024-09-01,Shopee,Gấu bông,290
2024-09-01,TikTok,Búp bê Barbie,58
2024-09-01,TikTok,Labubu,408
2024-09-01,TikTok,Capybara,441
2024-09-01,TikTok,Gấu bông,381
2024-09-01,Lazada,Búp bê Barbie,282
2024-09-01,Lazada,Labubu,212
2024-09-01,Lazada,Capybara,177
2024-09-01,Lazada,Gấu bông,88
2024-09-02,Shopee,Búp bê Barbie,481
2024-09-02,Shopee,Labubu,482
2024-09-02,Shopee,Capybara,375
2024-09-02,Shopee,Gấu bông,498
2024-09-02,TikTok,Búp bê Barbie,51
2024-09-02,TikTok,Labubu,474
2024-09-02,TikTok,Capybara,355
2024-09-02,TikTok,Gấu bông,172
2024-09-02,Lazada,Búp bê Barbie,336
2024-09-02,Lazada,Labubu,178
2024-09-02,Lazada,Capybara,288
2024-09-02,Lazada,Gấu bông,122
2024-09-03,Shopee,Búp bê Barbie,386
2024-09-03,Shopee,Labubu,93
2024-09-03,Shopee,Capybara,341
2024-09-03,Shopee,Gấu bông,401
2024-09-03,TikTok,Búp bê Barbie,437
2024-09-03,TikTok,Labubu,266
2024-09-03,TikTok,Capybara,321
2024-09-03,TikTok,Gấu bông,328
2024-09-03,Lazada,Búp bê Barbie,163
2024-09-03,Lazada,Labubu,228
2024-09-03,Lazada,Capybara,148
2024-09-03,Lazada,Gấu bông,76
2024-09-04,Shopee,Búp bê Barbie,455
2024-09-04,Shopee,Labubu,93
2024-09-04,Shopee,Capybara,418
2024-09-04,Shopee,Gấu bông,225
2024-09-04,TikTok,Búp bê Barbie,489
2024-09-04,TikTok,Labubu,428
2024-09-04,TikTok,Capybara,159
2024-09-04,TikTok,Gấu bông,431
2024-09-04,Lazada,Búp bê Barbie,296
2024-09-04,Lazada,Labubu,421
2024-09-04,Lazada,Capybara,307
2024-09-04,Lazada,Gấu bông,71
2024-09-05,Shopee,Búp bê Barbie,297
2024-09-05,Shopee,Labubu,204
2024-09-05,Shopee,Capybara,239
2024-09-05,Shopee,Gấu bông,311
2024-09-05,TikTok,Búp bê Barbie,201
2024-09-05,TikTok,Labubu,79
2024-09-05,TikTok,Capybara,149
2024-09-05,TikTok,Gấu bông,276
2024-09-05,Lazada,Búp bê Barbie,311
2024-09-05,Lazada,Labubu,265
2024-09-05,Lazada,Capybara,347
2024-09-05,Lazada,Gấu bông,190
2024-09-06,Shopee,Búp bê Barbie,74
2024-09-06,Shopee,Labubu,357
2024-09-06,Shopee,Capybara,498
2024-09-06,Shopee,Gấu bông,222
2024-09-06,TikTok,Búp bê Barbie,262
2024-09-06,TikTok,Labubu,402
2024-09-06,TikTok,Capybara,261
2024-09-06,TikTok,Gấu bông,174
2024-09-06,Lazada,Búp bê Barbie,176
2024-09-06,Lazada,Labubu,164
2024-09-06,Lazada,Capybara,67
2024-09-06,Lazada,Gấu bông,116
2024-09-07,Shopee,Búp bê Barbie,168
2024-09-07,Shopee,Labubu,89
2024-09-07,Shopee,Capybara,496
2024-09-07,Shopee,Gấu bông,188
2024-09-07,TikTok,Búp bê Barbie,315
2024-09-07,TikTok,Labubu,246
2024-09-07,TikTok,Capybara,99
2024-09-07,TikTok,Gấu bông,165
2024-09-07,Lazada,Búp bê Barbie,495
2024-09-07,Lazada,Labubu,257
2024-09-07,Lazada,Capybara,227
2024-09-07,Lazada,Gấu bông,174
2024-09-08,Shopee,Búp bê Barbie,280
2024-09-08,Shopee,Labubu,56
2024-09-08,Shopee,Capybara,422
2024-09-08,Shopee,Gấu bông,335
2024-09-08,TikTok,Búp bê Barbie,291
2024-09-08,TikTok,Labubu,208
2024-09-08,TikTok,Capybara,389
2024-09-08,TikTok,Gấu bông,195
2024-09-08,Lazada,Búp bê Barbie,337
2024-09-08,Lazada,Labubu,165
2024-09-08,Lazada,Capybara,229
2024-09-08,Lazada,Gấu bông,73
2024-09-09,Shopee,Búp bê Barbie,266
2024-09-09,Shopee,Labubu,225
2024-09-09,Shopee,Capybara,340
2024-09-09,Shopee,Gấu bông,267
2024-09-09,TikTok,Búp bê Barbie,278
2024-09-09,TikTok,Labubu,499
2024-09-09,TikTok,Capybara,480
2024-09-09,TikTok,Gấu bông,123
2024-09-09,Lazada,Búp bê Barbie,421
2024-09-09,Lazada,Labubu,471
2024-09-09,Lazada,Capybara,390
2024-09-09,Lazada,Gấu bông,113
2024-09-10,Shopee,Búp bê Barbie,401
2024-09-10,Shopee,Labubu,316
2024-09-10,Shopee,Capybara,51
2024-09-10,Shopee,Gấu bông,255
2024-09-10,TikTok,Búp bê Barbie,228
2024-09-10,TikTok,Labubu,403
2024-09-10,TikTok,Capybara,312
2024-09-10,TikTok,Gấu bông,251
2024-09-10,Lazada,Búp bê Barbie,207
2024-09-10,Lazada,Labubu,256
2024-09-10,Lazada,Capybara,99
2024-09-10,Lazada,Gấu bông,240
2024-09-11,Shopee,Búp bê Barbie,143
2024-09-11,Shopee,Labubu,463
2024-09-11,Shopee,Capybara,198
2024-09-11,Shopee,Gấu bông,342
2024-09-11,TikTok,Búp bê Barbie,239
2024-09-11,TikTok,Labubu,360
2024-09-11,TikTok,Capybara,74
2024-09-11,TikTok,Gấu bông,146
2024-09-11,Lazada,Búp bê Barbie,298
2024-09-11,Lazada,Labubu,249
2024-09-11,Lazada,Capybara,388
2024-09-11,Lazada,Gấu bông,228
2024-09-12,Shopee,Búp bê Barbie,155
2024-09-12,Shopee,Labubu,56
2024-09-12,Shopee,Capybara,204
2024-09-12,Shopee,Gấu bông,497
2024-09-12,TikTok,Búp bê Barbie,364
2024-09-12,TikTok,Labubu,433
2024-09-12,TikTok,Capybara,247
2024-09-12,TikTok,Gấu bông,152
2024-09-12,Lazada,Búp bê Barbie,445
2024-09-12,Lazada,Labubu,293
2024-09-12,Lazada,Capybara,318
2024-09-12,Lazada,Gấu bông,354
2024-09-13,Shopee,Búp bê Barbie,395
2024-09-13,Shopee,Labubu,153
2024-09-13,Shopee,Capybara,188
2024-09-13,Shopee,Gấu bông,259
2024-09-13,TikTok,Búp bê Barbie,303
2024-09-13,TikTok,Labubu,269
2024-09-13,TikTok,Capybara,487
2024-09-13,TikTok,Gấu bông,426
2024-09-13,Lazada,Búp bê Barbie,118
2024-09-13,Lazada,Labubu,465
2024-09-13,Lazada,Capybara,441
2024-09-13,Lazada,Gấu bông,136
2024-09-14,Shopee,Búp bê Barbie,410
2024-09-14,Shopee,Labubu,234
2024-09-14,Shopee,Capybara,312
2024-09-14,Shopee,Gấu bông,420
2024-09-14,TikTok,Búp bê Barbie,464
2024-09-14,TikTok,Labubu,113
2024-09-14,TikTok,Capybara,297
2024-09-14,TikTok,Gấu bông,160
2024-09-14,Lazada,Búp bê Barbie,239
2024-09-14,Lazada,Labubu,151
2024-09-14,Lazada,Capybara,348
2024-09-14,Lazada,Gấu bông,376
2024-09-15,Shopee,Búp bê Barbie,409
2024-09-15,Shopee,Labubu,85
2024-09-15,Shopee,Capybara,483
2024-09-15,Shopee,Gấu bông,317
2024-09-15,TikTok,Búp bê Barbie,310
2024-09-15,TikTok,Labubu,164
2024-09-15,TikTok,Capybara,429
2024-09-15,TikTok,Gấu bông,89
2024-09-15,Lazada,Búp bê Barbie,237
2024-09-15,Lazada,Labubu,366
2024-09-15,Lazada,Capybara,274
2024-09-15,Lazada,Gấu bông,365
2024-09-16,Shopee,Búp bê Barbie,77
2024-09-16,Shopee,Labubu,403
2024-09-16,Shopee,Capybara,54
2024-09-16,Shopee,Gấu bông,94
2024-09-16,TikTok,Búp bê Barbie,264
2024-09-16,TikTok,Labubu,154
2024-09-16,TikTok,Capybara,238
2024-09-16,TikTok,Gấu bông,120
2024-09-16,Lazada,Búp bê Barbie,402
2024-09-16,Lazada,Labubu,432
2024-09-16,Lazada,Capybara,403
2024-09-16,Lazada,Gấu bông,472
2024-09-17,Shopee,Búp bê Barbie,480
2024-09-17,Shopee,Labubu,132
2024-09-17,Shopee,Capybara,112
2024-09-17,Shopee,Gấu bông,483
2024-09-17,TikTok,Búp bê Barbie,171
2024-09-17,TikTok,Labubu,170
2024-09-17,TikTok,Capybara,332
2024-09-17,TikTok,Gấu bông,282
2024-09-17,Lazada,Búp bê Barbie,358
2024-09-17,Lazada,Labubu,386
2024-09-17,Lazada,Capybara,223
2024-09-17,Lazada,Gấu bông,109
2024-09-18,Shopee,Búp bê Barbie,443
2024-09-18,Shopee,Labubu,425
2024-09-18,Shopee,Capybara,210
2024-09-18,Shopee,Gấu bông,435
2024-09-18,TikTok,Búp bê Barbie,270
2024-09-18,TikTok,Labubu,364
2024-09-18,TikTok,Capybara,218
2024-09-18,TikTok,Gấu bông,137
2024-09-18,Lazada,Búp bê Barbie,480
2024-09-18,Lazada,Labubu,288
2024-09-18,Lazada,Capybara,465
2024-09-18,Lazada,Gấu bông,120
2024-09-19,Shopee,Búp bê Barbie,92
2024-09-19,Shopee,Labubu,173
2024-09-19,Shopee,Capybara,162
2024-09-19,Shopee,Gấu bông,61
2024-09-19,TikTok,Búp bê Barbie,474
2024-09-19,TikTok,Labubu,65
2024-09-19,TikTok,Capybara,123
2024-09-19,TikTok,Gấu bông,304
2024-09-19,Lazada,Búp bê Barbie,115
2024-09-19,Lazada,Labubu,143
2024-09-19,Lazada,Capybara,319
2024-09-19,Lazada,Gấu bông,349
2024-09-20,Shopee,Búp bê Barbie,120
2024-09-20,Shopee,Labubu,287
2024-09-20,Shopee,Capybara,63
2024-09-20,Shopee,Gấu bông,481
2024-09-20,TikTok,Búp bê Barbie,293
2024-09-20,TikTok,Labubu,83
2024-09-20,TikTok,Capybara,330
2024-09-20,TikTok,Gấu bông,471
2024-09-20,Lazada,Búp bê Barbie,96
2024-09-20,Lazada,Labubu,175
2024-09-20,Lazada,Capybara,123
2024-09-20,Lazada,Gấu bông,151
2024-09-21,Shopee,Búp bê Barbie,253
2024-09-21,Shopee,Labubu,79
2024-09-21,Shopee,Capybara,89
2024-09-21,Shopee,Gấu bông,359
2024-09-21,TikTok,Búp bê Barbie,348
2024-09-21,TikTok,Labubu,182
2024-09-21,TikTok,Capybara,65
2024-09-21,TikTok,Gấu bông,330
2024-09-21,Lazada,Búp bê Barbie,420
2024-09-21,Lazada,Labubu,346
2024-09-21,Lazada,Capybara,314
2024-09-21,Lazada,Gấu bông,139
2024-09-22,Shopee,Búp bê Barbie,432
2024-09-22,Shopee,Labubu,428
2024-09-22,Shopee,Capybara,56
2024-09-22,Shopee,Gấu bông,106
2024-09-22,TikTok,Búp bê Barbie,419
2024-09-22,TikTok,Labubu,218
2024-09-22,TikTok,Capybara,243
2024-09-22,TikTok,Gấu bông,383
2024-09-22,Lazada,Búp bê Barbie,311
2024-09-22,Lazada,Labubu,79
2024-09-22,Lazada,Capybara,401
2024-09-22,Lazada,Gấu bông,87
2024-09-23,Shopee,Búp bê Barbie,188
2024-09-23,Shopee,Labubu,410
2024-09-23,Shopee,Capybara,86
2024-09-23,Shopee,Gấu bông,278
2024-09-23,TikTok,Búp bê Barbie,149
2024-09-23,TikTok,Labubu,117
2024-09-23,TikTok,Capybara,88
2024-09-23,TikTok,Gấu bông,335
2024-09-23,Lazada,Búp bê Barbie,116
2024-09-23,Lazada,Labubu,155
2024-09-23,Lazada,Capybara,403
2024-09-23,Lazada,Gấu bông,237
2024-09-24,Shopee,Búp bê Barbie,233
2024-09-24,Shopee,Labubu,196
2024-09-24,Shopee,Capybara,414
2024-09-24,Shopee,Gấu bông,321
2024-09-24,TikTok,Búp bê Barbie,203
2024-09-24,TikTok,Labubu,192
2024-09-24,TikTok,Capybara,357
2024-09-24,TikTok,Gấu bông,58
2024-09-24,Lazada,Búp bê Barbie,447
2024-09-24,Lazada,Labubu,358
2024-09-24,Lazada,Capybara,71
2024-09-24,Lazada,Gấu bông,283
2024-09-25,Shopee,Búp bê Barbie,51
2024-09-25,Shopee,Labubu,335
2024-09-25,Shopee,Capybara,390
2024-09-25,Shopee,Gấu bông,137
2024-09-25,TikTok,Búp bê Barbie,488
2024-09-25,TikTok,Labubu,474
2024-09-25,TikTok,Capybara,182
2024-09-25,TikTok,Gấu bông,475
2024-09-25,Lazada,Búp bê Barbie,490
2024-09-25,Lazada,Labubu,266
2024-09-25,Lazada,Capybara,315
2024-09-25,Lazada,Gấu bông,208
2024-09-26,Shopee,Búp bê Barbie,159
2024-09-26,Shopee,Labubu,357
2024-09-26,Shopee,Capybara,459
2024-09-26,Shopee,Gấu bông,436
2024-09-26,TikTok,Búp bê Barbie,158
2024-09-26,TikTok,Labubu,431
2024-09-26,TikTok,Capybara,238
2024-09-26,TikTok,Gấu bông,52
2024-09-26,Lazada,Búp bê Barbie,494
2024-09-26,Lazada,Labubu,59
2024-09-26,Lazada,Capybara,450
2024-09-26,Lazada,Gấu bông,73
2024-09-27,Shopee,Búp bê Barbie,62
2024-09-27,Shopee,Labubu,397
2024-09-27,Shopee,Capybara,456
2024-09-27,Shopee,Gấu bông,91
2024-09-27,TikTok,Búp bê Barbie,56
2024-09-27,TikTok,Labubu,289
2024-09-27,TikTok,Capybara,178
2024-09-27,TikTok,Gấu bông,498
2024-09-27,Lazada,Búp bê Barbie,126
2024-09-27,Lazada,Labubu,358
2024-09-27,Lazada,Capybara,83
2024-09-27,Lazada,Gấu bông,165
2024-09-28,Shopee,Búp bê Barbie,105
2024-09-28,Shopee,Labubu,378
2024-09-28,Shopee,Capybara,307
2024-09-28,Shopee,Gấu bông,318
2024-09-28,TikTok,Búp bê Barbie,379
2024-09-28,TikTok,Labubu,169
2024-09-28,TikTok,Capybara,409
2024-09-28,TikTok,Gấu bông,492
2024-09-28,Lazada,Búp bê Barbie,76
2024-09-28,Lazada,Labubu,452
2024-09-28,Lazada,Capybara,326
2024-09-28,Lazada,Gấu bông,214
2024-09-29,Shopee,Búp bê Barbie,255
2024-09-29,Shopee,Labubu,76
2024-09-29,Shopee,Capybara,52
2024-09-29,Shopee,Gấu bông,83
2024-09-29,TikTok,Búp bê Barbie,145
2024-09-29,TikTok,Labubu,421
2024-09-29,TikTok,Capybara,456
2024-09-29,TikTok,Gấu bông,141
2024-09-29,Lazada,Búp bê Barbie,61
2024-09-29,Lazada,Labubu,53
2024-09-29,Lazada,Capybara,53
2024-09-29,Lazada,Gấu bông,267
2024-09-30,Shopee,Búp bê Barbie,465
2024-09-30,Shopee,Labubu,437
2024-09-30,Shopee,Capybara,422
2024-09-30,Shopee,Gấu bông,288
2024-09-30,TikTok,Búp bê Barbie,357
2024-09-30,TikTok,Labubu,287
2024-09-30,TikTok,Capybara,383
2024-09-30,TikTok,Gấu bông,496
2024-09-30,Lazada,Búp bê Barbie,116
2024-09-30,Lazada,Labubu,183
2024-09-30,Lazada,Capybara,314
2024-09-30,Lazada,Gấu bông,88
2024-10-01,Shopee,Búp bê Barbie,180
2024-10-01,Shopee,Labubu,460
2024-10-01,Shopee,Capybara,380
2024-10-01,Shopee,Gấu bông,249
2024-10-01,TikTok,Búp bê Barbie,162
2024-10-01,TikTok,Labubu,416
2024-10-01,TikTok,Capybara,89
2024-10-01,TikTok,Gấu bông,155
2024-10-01,Lazada,Búp bê Barbie,309
2024-10-01,Lazada,Labubu,475
2024-10-01,Lazada,Capybara,83
2024-10-01,Lazada,Gấu bông,165
2024-10-02,Shopee,Búp bê Barbie,127
2024-10-02,Shopee,Labubu,149
2024-10-02,Shopee,Capybara,405
2024-10-02,Shopee,Gấu bông,440
2024-10-02,TikTok,Búp bê Barbie,163
2024-10-02,TikTok,Labubu,230
2024-10-02,TikTok,Capybara,358
2024-10-02,TikTok,Gấu bông,150
2024-10-02,Lazada,Búp bê Barbie,399
2024-10-02,Lazada,Labubu,184
2024-10-02,Lazada,Capybara,144
2024-10-02,Lazada,Gấu bông,474
2024-10-03,Shopee,Búp bê Barbie,431
2024-10-03,Shopee,Labubu,410
2024-10-03,Shopee,Capybara,118
2024-10-03,Shopee,Gấu bông,404
2024-10-03,TikTok,Búp bê Barbie,149
2024-10-03,TikTok,Labubu,213
2024-10-03,TikTok,Capybara,443
2024-10-03,TikTok,Gấu bông,409
2024-10-03,Lazada,Búp bê Barbie,285
2024-10-03,Lazada,Labubu,415
2024-10-03,Lazada,Capybara,202
2024-10-03,Lazada,Gấu bông,414
2024-10-04,Shopee,Búp bê Barbie,454
2024-10-04,Shopee,Labubu,390
2024-10-04,Shopee,Capybara,156
2024-10-04,Shopee,Gấu bông,264
2024-10-04,TikTok,Búp bê Barbie,453
2024-10-04,TikTok,Labubu,101
2024-10-04,TikTok,Capybara,235
2024-10-04,TikTok,Gấu bông,253
2024-10-04,Lazada,Búp bê Barbie,181
2024-10-04,Lazada,Labubu,351
2024-10-04,Lazada,Capybara,241
2024-10-04,Lazada,Gấu bông,474
2024-10-05,Shopee,Búp bê Barbie,254
2024-10-05,Shopee,Labubu,56
2024-10-05,Shopee,Capybara,60
2024-10-05,Shopee,Gấu bông,149
2024-10-05,TikTok,Búp bê Barbie,401
2024-10-05,TikTok,Labubu,362
2024-10-05,TikTok,Capybara,355
2024-10-05,TikTok,Gấu bông,400
2024-10-05,Lazada,Búp bê Barbie,55
2024-10-05,Lazada,Labubu,237
2024-10-05,Lazada,Capybara,482
2024-10-05,Lazada,Gấu bông,394
2024-10-06,Shopee,Búp bê Barbie,227
2024-10-06,Shopee,Labubu,156
2024-10-06,Shopee,Capybara,342
2024-10-06,Shopee,Gấu bông,229
2024-10-06,TikTok,Búp bê Barbie,207
2024-10-06,TikTok,Labubu,77
2024-10-06,TikTok,Capybara,494
2024-10-06,TikTok,Gấu bông,432
2024-10-06,Lazada,Búp bê Barbie,308
2024-10-06,Lazada,Labubu,495
2024-10-06,Lazada,Capybara,244
2024-10-06,Lazada,Gấu bông,92
2024-10-07,Shopee,Búp bê Barbie,498
2024-10-07,Shopee,Labubu,215
2024-10-07,Shopee,Capybara,352
2024-10-07,Shopee,Gấu bông,247
2024-10-07,TikTok,Búp bê Barbie,276
2024-10-07,TikTok,Labubu,319
2024-10-07,TikTok,Capybara,195
2024-10-07,TikTok,Gấu bông,394
2024-10-07,Lazada,Búp bê Barbie,486
2024-10-07,Lazada,Labubu,483
2024-10-07,Lazada,Capybara,331
2024-10-07,Lazada,Gấu bông,204
2024-10-08,Shopee,Búp bê Barbie,77
2024-10-08,Shopee,Labubu,172
2024-10-08,Shopee,Capybara,436
2024-10-08,Shopee,Gấu bông,186
2024-10-08,TikTok,Búp bê Barbie,402
2024-10-08,TikTok,Labubu,335
2024-10-08,TikTok,Capybara,322
2024-10-08,TikTok,Gấu bông,172
2024-10-08,Lazada,Búp bê Barbie,271
2024-10-08,Lazada,Labubu,119
2024-10-08,Lazada,Capybara,165
2024-10-08,Lazada,Gấu bông,301
2024-10-09,Shopee,Búp bê Barbie,122
2024-10-09,Shopee,Labubu,474
2024-10-09,Shopee,Capybara,239
2024-10-09,Shopee,Gấu bông,71
2024-10-09,TikTok,Búp bê Barbie,493
2024-10-09,TikTok,Labubu,441
2024-10-09,TikTok,Capybara,87
2024-10-09,TikTok,Gấu bông,311
2024-10-09,Lazada,Búp bê Barbie,225
2024-10-09,Lazada,Labubu,201
2024-10-09,Lazada,Capybara,271
2024-10-09,Lazada,Gấu bông,230
2024-10-10,Shopee,Búp bê Barbie,485
2024-10-10,Shopee,Labubu,101
2024-10-10,Shopee,Capybara,253
2024-10-10,Shopee,Gấu bông,355
2024-10-10,TikTok,Búp bê Barbie,328
2024-10-10,TikTok,Labubu,237
2024-10-10,TikTok,Capybara,390
2024-10-10,TikTok,Gấu bông,461
2024-10-10,Lazada,Búp bê Barbie,207
2024-10-10,Lazada,Labubu,284
2024-10-10,Lazada,Capybara,195
2024-10-10,Lazada,Gấu bông,145
2024-10-11,Shopee,Búp bê Barbie,474
2024-10-11,Shopee,Labubu,347
2024-10-11,Shopee,Capybara,451
2024-10-11,Shopee,Gấu bông,421
2024-10-11,TikTok,Búp bê Barbie,287
2024-10-11,TikTok,Labubu,55
2024-10-11,TikTok,Capybara,302
2024-10-11,TikTok,Gấu bông,144
2024-10-11,Lazada,Búp bê Barbie,101
2024-10-11,Lazada,Labubu,99
2024-10-11,Lazada,Capybara,54
2024-10-11,Lazada,Gấu bông,122
2024-10-12,Shopee,Búp bê Barbie,487
2024-10-12,Shopee,Labubu,341
2024-10-12,Shopee,Capybara,113
2024-10-12,Shopee,Gấu bông,437
2024-10-12,TikTok,Búp bê Barbie,478
2024-10-12,TikTok,Labubu,483
2024-10-12,TikTok,Capybara,487
2024-10-12,TikTok,Gấu bông,74
2024-10-12,Lazada,Búp bê Barbie,376
2024-10-12,Lazada,Labubu,199
2024-10-12,Lazada,Capybara,416
2024-10-12,Lazada,Gấu bông,400
2024-10-13,Shopee,Búp bê Barbie,366
2024-10-13,Shopee,Labubu,201
2024-10-13,Shopee,Capybara,111
2024-10-13,Shopee,Gấu bông,84
2024-10-13,TikTok,Búp bê Barbie,473
2024-10-13,TikTok,Labubu,400
2024-10-13,TikTok,Capybara,276
2024-10-13,TikTok,Gấu bông,427
2024-10-13,Lazada,Búp bê Barbie,54
2024-10-13,Lazada,Labubu,369
2024-10-13,Lazada,Capybara,409
2024-10-13,Lazada,Gấu bông,253
2024-10-14,Shopee,Búp bê Barbie,179
2024-10-14,Shopee,Labubu,321
2024-10-14,Shopee,Capybara,332
2024-10-14,Shopee,Gấu bông,480
2024-10-14,TikTok,Búp bê Barbie,147
2024-10-14,TikTok,Labubu,122
2024-10-14,TikTok,Capybara,128
2024-10-14,TikTok,Gấu bông,429
2024-10-14,Lazada,Búp bê Barbie,200
2024-10-14,Lazada,Labubu,91
2024-10-14,Lazada,Capybara,422
2024-10-14,Lazada,Gấu bông,65
2024-10-15,Shopee,Búp bê Barbie,280
2024-10-15,Shopee,Labubu,68
2024-10-15,Shopee,Capybara,131
2024-10-15,Shopee,Gấu bông,399
2024-10-15,TikTok,Búp bê Barbie,464
2024-10-15,TikTok,Labubu,464
2024-10-15,TikTok,Capybara,345
2024-10-15,TikTok,Gấu bông,95
2024-10-15,Lazada,Búp bê Barbie,88
2024-10-15,Lazada,Labubu,353
2024-10-15,Lazada,Capybara,148
2024-10-15,Lazada,Gấu bông,189
2024-10-16,Shopee,Búp bê Barbie,450
2024-10-16,Shopee,Labubu,216
2024-10-16,Shopee,Capybara,415
2024-10-16,Shopee,Gấu bông,158
2024-10-16,TikTok,Búp bê Barbie,228
2024-10-16,TikTok,Labubu,71
2024-10-16,TikTok,Capybara,489
2024-10-16,TikTok,Gấu bông,465
2024-10-16,Lazada,Búp bê Barbie,200
2024-10-16,Lazada,Labubu,495
2024-10-16,Lazada,Capybara,163
2024-10-16,Lazada,Gấu bông,191
2024-10-17,Shopee,Búp bê Barbie,451
2024-10-17,Shopee,Labubu,105
2024-10-17,Shopee,Capybara,385
2024-10-17,Shopee,Gấu bông,380
2024-10-17,TikTok,Búp bê Barbie,456
2024-10-17,TikTok,Labubu,433
2024-10-17,TikTok,Capybara,393
2024-10-17,TikTok,Gấu bông,64
2024-10-17,Lazada,Búp bê Barbie,363
2024-10-17,Lazada,Labubu,71
2024-10-17,Lazada,Capybara,96
2024-10-17,Lazada,Gấu bông,278
2024-10-18,Shopee,Búp bê Barbie,84
2024-10-18,Shopee,Labubu,218
2024-10-18,Shopee,Capybara,320
2024-10-18,Shopee,Gấu bông,111
2024-10-18,TikTok,Búp bê Barbie,158
2024-10-18,TikTok,Labubu,287
2024-10-18,TikTok,Capybara,277
2024-10-18,TikTok,Gấu bông,445
2024-10-18,Lazada,Búp bê Barbie,224
2024-10-18,Lazada,Labubu,372
2024-10-18,Lazada,Capybara,288
2024-10-18,Lazada,Gấu bông,153
2024-10-19,Shopee,Búp bê Barbie,121
2024-10-19,Shopee,Labubu,201
2024-10-19,Shopee,Capybara,107
2024-10-19,Shopee,Gấu bông,166
2024-10-19,TikTok,Búp bê Barbie,284
2024-10-19,TikTok,Labubu,250
2024-10-19,TikTok,Capybara,328
2024-10-19,TikTok,Gấu bông,343
2024-10-19,Lazada,Búp bê Barbie,313
2024-10-19,Lazada,Labubu,464
2024-10-19,Lazada,Capybara,230
2024-10-19,Lazada,Gấu bông,50
2024-10-20,Shopee,Búp bê Barbie,87
2024-10-20,Shopee,Labubu,171
2024-10-20,Shopee,Capybara,404
2024-10-20,Shopee,Gấu bông,375
2024-10-20,TikTok,Búp bê Barbie,369
2024-10-20,TikTok,Labubu,167
2024-10-20,TikTok,Capybara,96
2024-10-20,TikTok,Gấu bông,59
2024-10-20,Lazada,Búp bê Barbie,391
2024-10-20,Lazada,Labubu,292
2024-10-20,Lazada,Capybara,85
2024-10-20,Lazada,Gấu bông,303
2024-10-21,Shopee,Búp bê Barbie,488
2024-10-21,Shopee,Labubu,271
2024-10-21,Shopee,Capybara,269
2024-10-21,Shopee,Gấu bông,151
2024-10-21,TikTok,Búp bê Barbie,153
2024-10-21,TikTok,Labubu,361
2024-10-21,TikTok,Capybara,480
2024-10-21,TikTok,Gấu bông,157
2024-10-21,Lazada,Búp bê Barbie,213
2024-10-21,Lazada,Labubu,360
2024-10-21,Lazada,Capybara,356
2024-10-21,Lazada,Gấu bông,279
2024-10-22,Shopee,Búp bê Barbie,419
2024-10-22,Shopee,Labubu,141
2024-10-22,Shopee,Capybara,416
2024-10-22,Shopee,Gấu bông,65
2024-10-22,TikTok,Búp bê Barbie,301
2024-10-22,TikTok,Labubu,192
2024-10-22,TikTok,Capybara,459
2024-10-22,TikTok,Gấu bông,102
2024-10-22,Lazada,Búp bê Barbie,198
2024-10-22,Lazada,Labubu,293
2024-10-22,Lazada,Capybara,307
2024-10-22,Lazada,Gấu bông,86
2024-10-23,Shopee,Búp bê Barbie,307
2024-10-23,Shopee,Labubu,311
2024-10-23,Shopee,Capybara,65
2024-10-23,Shopee,Gấu bông,99
2024-10-23,TikTok,Búp bê Barbie,443
2024-10-23,TikTok,Labubu,265
2024-10-23,TikTok,Capybara,147
2024-10-23,TikTok,Gấu bông,417
2024-10-23,Lazada,Búp bê Barbie,280
2024-10-23,Lazada,Labubu,367
2024-10-23,Lazada,Capybara,99
2024-10-23,Lazada,Gấu bông,235
2024-10-24,Shopee,Búp bê Barbie,268
2024-10-24,Shopee,Labubu,446
2024-10-24,Shopee,Capybara,357
2024-10-24,Shopee,Gấu bông,388
2024-10-24,TikTok,Búp bê Barbie,150
2024-10-24,TikTok,Labubu,320
2024-10-24,TikTok,Capybara,363
2024-10-24,TikTok,Gấu bông,491
2024-10-24,Lazada,Búp bê Barbie,298
2024-10-24,Lazada,Labubu,113
2024-10-24,Lazada,Capybara,381
2024-10-24,Lazada,Gấu bông,383
2024-10-25,Shopee,Búp bê Barbie,94
2024-10-25,Shopee,Labubu,153
2024-10-25,Shopee,Capybara,333
2024-10-25,Shopee,Gấu bông,265
2024-10-25,TikTok,Búp bê Barbie,245
2024-10-25,TikTok,Labubu,252
2024-10-25,TikTok,Capybara,345
2024-10-25,TikTok,Gấu bông,241
2024-10-25,Lazada,Búp bê Barbie,459
2024-10-25,Lazada,Labubu,204
2024-10-25,Lazada,Capybara,165
2024-10-25,Lazada,Gấu bông,164
2024-10-26,Shopee,Búp bê Barbie,479
2024-10-26,Shopee,Labubu,355
2024-10-26,Shopee,Capybara,169
2024-10-26,Shopee,Gấu bông,124
2024-10-26,TikTok,Búp bê Barbie,449
2024-10-26,TikTok,Labubu,343
2024-10-26,TikTok,Capybara,385
2024-10-26,TikTok,Gấu bông,351
2024-10-26,Lazada,Búp bê Barbie,432
2024-10-26,Lazada,Labubu,217
2024-10-26,Lazada,Capybara,402
2024-10-26,Lazada,Gấu bông,487
2024-10-27,Shopee,Búp bê Barbie,431
2024-10-27,Shopee,Labubu,198
2024-10-27,Shopee,Capybara,383
2024-10-27,Shopee,Gấu bông,56
2024-10-27,TikTok,Búp bê Barbie,93
2024-10-27,TikTok,Labubu,80
2024-10-27,TikTok,Capybara,492
2024-10-27,TikTok,Gấu bông,433
2024-10-27,Lazada,Búp bê Barbie,401
2024-10-27,Lazada,Labubu,228
2024-10-27,Lazada,Capybara,106
2024-10-27,Lazada,Gấu bông,352
2024-10-28,Shopee,Búp bê Barbie,464
2024-10-28,Shopee,Labubu,334
2024-10-28,Shopee,Capybara,153
2024-10-28,Shopee,Gấu bông,357
2024-10-28,TikTok,Búp bê Barbie,137
2024-10-28,TikTok,Labubu,235
2024-10-28,TikTok,Capybara,458
2024-10-28,TikTok,Gấu bông,475
2024-10-28,Lazada,Búp bê Barbie,387
2024-10-28,Lazada,Labubu,374
2024-10-28,Lazada,Capybara,55
2024-10-28,Lazada,Gấu bông,393
2024-10-29,Shopee,Búp bê Barbie,336
2024-10-29,Shopee,Labubu,446
2024-10-29,Shopee,Capybara,464
2024-10-29,Shopee,Gấu bông,163
2024-10-29,TikTok,Búp bê Barbie,423
2024-10-29,TikTok,Labubu,116
2024-10-29,TikTok,Capybara,381
2024-10-29,TikTok,Gấu bông,471
2024-10-29,Lazada,Búp bê Barbie,155
2024-10-29,Lazada,Labubu,366
2024-10-29,Lazada,Capybara,134
2024-10-29,Lazada,Gấu bông,316
2024-10-30,Shopee,Búp bê Barbie,431
2024-10-30,Shopee,Labubu,457
2024-10-30,Shopee,Capybara,329
2024-10-30,Shopee,Gấu bông,148
2024-10-30,TikTok,Búp bê Barbie,202
2024-10-30,TikTok,Labubu,260
2024-10-30,TikTok,Capybara,176
2024-10-30,TikTok,Gấu bông,295
2024-10-30,Lazada,Búp bê Barbie,271
2024-10-30,Lazada,Labubu,298
2024-10-30,Lazada,Capybara,195
2024-10-30,Lazada,Gấu bông,56
2024-10-31,Shopee,Búp bê Barbie,312
2024-10-31,Shopee,Labubu,222
2024-10-31,Shopee,Capybara,221
2024-10-31,Shopee,Gấu bông,91
2024-10-31,TikTok,Búp bê Barbie,413
2024-10-31,TikTok,Labubu,88
2024-10-31,TikTok,Capybara,414
2024-10-31,TikTok,Gấu bông,440
2024-10-31,Lazada,Búp bê Barbie,354
2024-10-31,Lazada,Labubu,474
2024-10-31,Lazada,Capybara,310
2024-10-31,Lazada,Gấu bông,355
2024-11-01,Shopee,Búp bê Barbie,57
2024-11-01,Shopee,Labubu,380
2024-11-01,Shopee,Capybara,477
2024-11-01,Shopee,Gấu bông,58
2024-11-01,TikTok,Búp bê Barbie,267
2024-11-01,TikTok,Labubu,64
2024-11-01,TikTok,Capybara,358
2024-11-01,TikTok,Gấu bông,171
2024-11-01,Lazada,Búp bê Barbie,478
2024-11-01,Lazada,Labubu,111
2024-11-01,Lazada,Capybara,106
2024-11-01,Lazada,Gấu bông,447
2024-11-02,Shopee,Búp bê Barbie,166
2024-11-02,Shopee,Labubu,455
2024-11-02,Shopee,Capybara,64
2024-11-02,Shopee,Gấu bông,233
2024-11-02,TikTok,Búp bê Barbie,193
2024-11-02,TikTok,Labubu,303
2024-11-02,TikTok,Capybara,469
2024-11-02,TikTok,Gấu bông,120
2024-11-02,Lazada,Búp bê Barbie,328
2024-11-02,Lazada,Labubu,79
2024-11-02,Lazada,Capybara,420
2024-11-02,Lazada,Gấu bông,410
2024-11-03,Shopee,Búp bê Barbie,245
2024-11-03,Shopee,Labubu,122
2024-11-03,Shopee,Capybara,301
2024-11-03,Shopee,Gấu bông,485
2024-11-03,TikTok,Búp bê Barbie,71
2024-11-03,TikTok,Labubu,286
2024-11-03,TikTok,Capybara,217
2024-11-03,TikTok,Gấu bông,290
2024-11-03,Lazada,Búp bê Barbie,243
2024-11-03,Lazada,Labubu,496
2024-11-03,Lazada,Capybara,444
2024-11-03,Lazada,Gấu bông,336
2024-11-04,Shopee,Búp bê Barbie,211
2024-11-04,Shopee,Labubu,286
2024-11-04,Shopee,Capybara,267
2024-11-04,Shopee,Gấu bông,478
2024-11-04,TikTok,Búp bê Barbie,92
2024-11-04,TikTok,Labubu,217
2024-11-04,TikTok,Capybara,357
2024-11-04,TikTok,Gấu bông,344
2024-11-04,Lazada,Búp bê Barbie,382
2024-11-04,Lazada,Labubu,472
2024-11-04,Lazada,Capybara,57
2024-11-04,Lazada,Gấu bông,97
2024-11-05,Shopee,Búp bê Barbie,184
2024-11-05,Shopee,Labubu,412
2024-11-05,Shopee,Capybara,198
2024-11-05,Shopee,Gấu bông,189
2024-11-05,TikTok,Búp bê Barbie,133
2024-11-05,TikTok,Labubu,467
2024-11-05,TikTok,Capybara,347
2024-11-05,TikTok,Gấu bông,83
2024-11-05,Lazada,Búp bê Barbie,200
2024-11-05,Lazada,Labubu,490
2024-11-05,Lazada,Capybara,225
2024-11-05,Lazada,Gấu bông,284
2024-11-06,Shopee,Búp bê Barbie,132
2024-11-06,Shopee,Labubu,486
2024-11-06,Shopee,Capybara,400
2024-11-06,Shopee,Gấu bông,380
2024-11-06,TikTok,Búp bê Barbie,108
2024-11-06,TikTok,Labubu,65
2024-11-06,TikTok,Capybara,411
2024-11-06,TikTok,Gấu bông,482
2024-11-06,Lazada,Búp bê Barbie,406
2024-11-06,Lazada,Labubu,358
2024-11-06,Lazada,Capybara,216
2024-11-06,Lazada,Gấu bông,131
2024-11-07,Shopee,Búp bê Barbie,404
2024-11-07,Shopee,Labubu,294
2024-11-07,Shopee,Capybara,127
2024-11-07,Shopee,Gấu bông,398
2024-11-07,TikTok,Búp bê Barbie,214
2024-11-07,TikTok,Labubu,383
2024-11-07,TikTok,Capybara,185
2024-11-07,TikTok,Gấu bông,114
2024-11-07,Lazada,Búp bê Barbie,161
2024-11-07,Lazada,Labubu,157
2024-11-07,Lazada,Capybara,440
2024-11-07,Lazada,Gấu bông,424
2024-11-08,Shopee,Búp bê Barbie,370
2024-11-08,Shopee,Labubu,105
2024-11-08,Shopee,Capybara,405
2024-11-08,Shopee,Gấu bông,171
2024-11-08,TikTok,Búp bê Barbie,413
2024-11-08,TikTok,Labubu,130
2024-11-08,TikTok,Capybara,355
2024-11-08,TikTok,Gấu bông,147
2024-11-08,Lazada,Búp bê Barbie,217
2024-11-08,Lazada,Labubu,145
2024-11-08,Lazada,Capybara,212
2024-11-08,Lazada,Gấu bông,167
2024-11-09,Shopee,Búp bê Barbie,141
2024-11-09,Shopee,Labubu,111
2024-11-09,Shopee,Capybara,110
2024-11-09,Shopee,Gấu bông,360
2024-11-09,TikTok,Búp bê Barbie,292
2024-11-09,TikTok,Labubu,408
2024-11-09,TikTok,Capybara,173
2024-11-09,TikTok,Gấu bông,62
2024-11-09,Lazada,Búp bê Barbie,119
2024-11-09,Lazada,Labubu,491
2024-11-09,Lazada,Capybara,189
2024-11-09,Lazada,Gấu bông,102
2024-11-10,Shopee,Búp bê Barbie,466
2024-11-10,Shopee,Labubu,208
2024-11-10,Shopee,Capybara,331
2024-11-10,Shopee,Gấu bông,354
2024-11-10,TikTok,Búp bê Barbie,65
2024-11-10,TikTok,Labubu,386
2024-11-10,TikTok,Capybara,471
2024-11-10,TikTok,Gấu bông,134
2024-11-10,Lazada,Búp bê Barbie,270
2024-11-10,Lazada,Labubu,390
2024-11-10,Lazada,Capybara,225
2024-11-10,Lazada,Gấu bông,266
2024-11-11,Shopee,Búp bê Barbie,278
2024-11-11,Shopee,Labubu,487
2024-11-11,Shopee,Capybara,158
2024-11-11,Shopee,Gấu bông,497
2024-11-11,TikTok,Búp bê Barbie,471
2024-11-11,TikTok,Labubu,384
2024-11-11,TikTok,Capybara,226
2024-11-11,TikTok,Gấu bông,386
2024-11-11,Lazada,Búp bê Barbie,81
2024-11-11,Lazada,Labubu,119
2024-11-11,Lazada,Capybara,297
2024-11-11,Lazada,Gấu bông,254
2024-11-12,Shopee,Búp bê Barbie,90
2024-11-12,Shopee,Labubu,160
2024-11-12,Shopee,Capybara,339
2024-11-12,Shopee,Gấu bông,489
2024-11-12,TikTok,Búp bê Barbie,107
2024-11-12,TikTok,Labubu,140
2024-11-12,TikTok,Capybara,444
2024-11-12,TikTok,Gấu bông,243
2024-11-12,Lazada,Búp bê Barbie,454
2024-11-12,Lazada,Labubu,354
2024-11-12,Lazada,Capybara,184
2024-11-12,Lazada,Gấu bông,69
2024-11-13,Shopee,Búp bê Barbie,120
2024-11-13,Shopee,Labubu,486
2024-11-13,Shopee,Capybara,370
2024-11-13,Shopee,Gấu bông,239
2024-11-13,TikTok,Búp bê Barbie,136
2024-11-13,TikTok,Labubu,449
2024-11-13,TikTok,Capybara,355
2024-11-13,TikTok,Gấu bông,484
2024-11-13,Lazada,Búp bê Barbie,419
2024-11-13,Lazada,Labubu,339
2024-11-13,Lazada,Capybara,130
2024-11-13,Lazada,Gấu bông,405
2024-11-14,Shopee,Búp bê Barbie,472
2024-11-14,Shopee,Labubu,408
2024-11-14,Shopee,Capybara,282
2024-11-14,Shopee,Gấu bông,189
2024-11-14,TikTok,Búp bê Barbie,135
2024-11-14,TikTok,Labubu,308
2024-11-14,TikTok,Capybara,478
2024-11-14,TikTok,Gấu bông,268
2024-11-14,Lazada,Búp bê Barbie,158
2024-11-14,Lazada,Labubu,403
2024-11-14,Lazada,Capybara,444
2024-11-14,Lazada,Gấu bông,499
2024-11-15,Shopee,Búp bê Barbie,414
2024-11-15,Shopee,Labubu,160
2024-11-15,Shopee,Capybara,487
2024-11-15,Shopee,Gấu bông,344
2024-11-15,TikTok,Búp bê Barbie,369
2024-11-15,TikTok,Labubu,119
2024-11-15,TikTok,Capybara,248
2024-11-15,TikTok,Gấu bông,206
2024-11-15,Lazada,Búp bê Barbie,457
2024-11-15,Lazada,Labubu,410
2024-11-15,Lazada,Capybara,476
2024-11-15,Lazada,Gấu bông,366
2024-11-16,Shopee,Búp bê Barbie,309
2024-11-16,Shopee,Labubu,452
2024-11-16,Shopee,Capybara,252
2024-11-16,Shopee,Gấu bông,483
2024-11-16,TikTok,Búp bê Barbie,284
2024-11-16,TikTok,Labubu,193
2024-11-16,TikTok,Capybara,62
2024-11-16,TikTok,Gấu bông,436
2024-11-16,Lazada,Búp bê Barbie,144
2024-11-16,Lazada,Labubu,192
2024-11-16,Lazada,Capybara,228
2024-11-16,Lazada,Gấu bông,185
2024-11-17,Shopee,Búp bê Barbie,92
2024-11-17,Shopee,Labubu,363
2024-11-17,Shopee,Capybara,212
2024-11-17,Shopee,Gấu bông,278
2024-11-17,TikTok,Búp bê Barbie,83
2024-11-17,TikTok,Labubu,76
2024-11-17,TikTok,Capybara,476
2024-11-17,TikTok,Gấu bông,246
2024-11-17,Lazada,Búp bê Barbie,202
2024-11-17,Lazada,Labubu,143
2024-11-17,Lazada,Capybara,404
2024-11-17,Lazada,Gấu bông,210
2024-11-18,Shopee,Búp bê Barbie,57
2024-11-18,Shopee,Labubu,362
2024-11-18,Shopee,Capybara,86
2024-11-18,Shopee,Gấu bông,229
2024-11-18,TikTok,Búp bê Barbie,335
2024-11-18,TikTok,Labubu,264
2024-11-18,TikTok,Capybara,423
2024-11-18,TikTok,Gấu bông,363
2024-11-18,Lazada,Búp bê Barbie,132
2024-11-18,Lazada,Labubu,149
2024-11-18,Lazada,Capybara,330
2024-11-18,Lazada,Gấu bông,98
2024-11-19,Shopee,Búp bê Barbie,132
2024-11-19,Shopee,Labubu,82
2024-11-19,Shopee,Capybara,404
2024-11-19,Shopee,Gấu bông,236
2024-11-19,TikTok,Búp bê Barbie,396
2024-11-19,TikTok,Labubu,196
2024-11-19,TikTok,Capybara,490
2024-11-19,TikTok,Gấu bông,327
2024-11-19,Lazada,Búp bê Barbie,493
2024-11-19,Lazada,Labubu,252
2024-11-19,Lazada,Capybara,252
2024-11-19,Lazada,Gấu bông,164
2024-11-20,Shopee,Búp bê Barbie,73
2024-11-20,Shopee,Labubu,163
2024-11-20,Shopee,Capybara,399
2024-11-20,Shopee,Gấu bông,305
2024-11-20,TikTok,Búp bê Barbie,357
2024-11-20,TikTok,Labubu,277
2024-11-20,TikTok,Capybara,328
2024-11-20,TikTok,Gấu bông,317
2024-11-20,Lazada,Búp bê Barbie,72
2024-11-20,Lazada,Labubu,196
2024-11-20,Lazada,Capybara,408
2024-11-20,Lazada,Gấu bông,68
2024-11-21,Shopee,Búp bê Barbie,112
2024-11-21,Shopee,Labubu,185
2024-11-21,Shopee,Capybara,85
2024-11-21,Shopee,Gấu bông,135
2024-11-21,TikTok,Búp bê Barbie,64
2024-11-21,TikTok,Labubu,168
2024-11-21,TikTok,Capybara,246
2024-11-21,TikTok,Gấu bông,59
2024-11-21,Lazada,Búp bê Barbie,274
2024-11-21,Lazada,Labubu,431
2024-11-21,Lazada,Capybara,111
2024-11-21,Lazada,Gấu bông,153
2024-11-22,Shopee,Búp bê Barbie,254
2024-11-22,Shopee,Labubu,318
2024-11-22,Shopee,Capybara,360
2024-11-22,Shopee,Gấu bông,246
2024-11-22,TikTok,Búp bê Barbie,445
2024-11-22,TikTok,Labubu,467
2024-11-22,TikTok,Capybara,449
2024-11-22,TikTok,Gấu bông,279
2024-11-22,Lazada,Búp bê Barbie,305
2024-11-22,Lazada,Labubu,451
2024-11-22,Lazada,Capybara,357
2024-11-22,Lazada,Gấu bông,469
2024-11-23,Shopee,Búp bê Barbie,192
2024-11-23,Shopee,Labubu,127
2024-11-23,Shopee,Capybara,224
2024-11-23,Shopee,Gấu bông,480
2024-11-23,TikTok,Búp bê Barbie,77
2024-11-23,TikTok,Labubu,419
2024-11-23,TikTok,Capybara,141
2024-11-23,TikTok,Gấu bông,182
2024-11-23,Lazada,Búp bê Barbie,75
2024-11-23,Lazada,Labubu,484
2024-11-23,Lazada,Capybara,391
2024-11-23,Lazada,Gấu bông,108
2024-11-24,Shopee,Búp bê Barbie,456
2024-11-24,Shopee,Labubu,154
2024-11-24,Shopee,Capybara,217
2024-11-24,Shopee,Gấu bông,181
2024-11-24,TikTok,Búp bê Barbie,498
2024-11-24,TikTok,Labubu,355
2024-11-24,TikTok,Capybara,257
2024-11-24,TikTok,Gấu bông,239
2024-11-24,Lazada,Búp bê Barbie,248
2024-11-24,Lazada,Labubu,343
2024-11-24,Lazada,Capybara,414
2024-11-24,Lazada,Gấu bông,339
2024-11-25,Shopee,Búp bê Barbie,131
2024-11-25,Shopee,Labubu,152
2024-11-25,Shopee,Capybara,277
2024-11-25,Shopee,Gấu bông,330
2024-11-25,TikTok,Búp bê Barbie,426
2024-11-25,TikTok,Labubu,453
2024-11-25,TikTok,Capybara,397
2024-11-25,TikTok,Gấu bông,371
2024-11-25,Lazada,Búp bê Barbie,389
2024-11-25,Lazada,Labubu,412
2024-11-25,Lazada,Capybara,316
2024-11-25,Lazada,Gấu bông,87
2024-11-26,Shopee,Búp bê Barbie,470
2024-11-26,Shopee,Labubu,268
2024-11-26,Shopee,Capybara,406
2024-11-26,Shopee,Gấu bông,334
2024-11-26,TikTok,Búp bê Barbie,296
2024-11-26,TikTok,Labubu,413
2024-11-26,TikTok,Capybara,56
2024-11-26,TikTok,Gấu bông,446
2024-11-26,Lazada,Búp bê Barbie,188
2024-11-26,Lazada,Labubu,357
2024-11-26,Lazada,Capybara,271
2024-11-26,Lazada,Gấu bông,201
2024-11-27,Shopee,Búp bê Barbie,92
2024-11-27,Shopee,Labubu,352
2024-11-27,Shopee,Capybara,281
2024-11-27,Shopee,Gấu bông,145
2024-11-27,TikTok,Búp bê Barbie,106
2024-11-27,TikTok,Labubu,227
2024-11-27,TikTok,Capybara,248
2024-11-27,TikTok,Gấu bông,289
2024-11-27,Lazada,Búp bê Barbie,223
2024-11-27,Lazada,Labubu,405
2024-11-27,Lazada,Capybara,337
2024-11-27,Lazada,Gấu bông,279
2024-11-28,Shopee,Búp bê Barbie,259
2024-11-28,Shopee,Labubu,493
2024-11-28,Shopee,Capybara,356
2024-11-28,Shopee,Gấu bông,101
2024-11-28,TikTok,Búp bê Barbie,86
2024-11-28,TikTok,Labubu,404
2024-11-28,TikTok,Capybara,131
2024-11-28,TikTok,Gấu bông,418
2024-11-28,Lazada,Búp bê Barbie,214
2024-11-28,Lazada,Labubu,237
2024-11-28,Lazada,Capybara,322
2024-11-28,Lazada,Gấu bông,120
2024-11-29,Shopee,Búp bê Barbie,234
2024-11-29,Shopee,Labubu,470
2024-11-29,Shopee,Capybara,201
2024-11-29,Shopee,Gấu bông,208
2024-11-29,TikTok,Búp bê Barbie,259
2024-11-29,TikTok,Labubu,298
2024-11-29,TikTok,Capybara,237
2024-11-29,TikTok,Gấu bông,462
2024-11-29,Lazada,Búp bê Barbie,258
2024-11-29,Lazada,Labubu,378
2024-11-29,Lazada,Capybara,466
2024-11-29,Lazada,Gấu bông,184
2024-11-30,Shopee,Búp bê Barbie,153
2024-11-30,Shopee,Labubu,98
2024-11-30,Shopee,Capybara,102
2024-11-30,Shopee,Gấu bông,363
2024-11-30,TikTok,Búp bê Barbie,359
2024-11-30,TikTok,Labubu,339
2024-11-30,TikTok,Capybara,177
2024-11-30,TikTok,Gấu bông,256
2024-11-30,Lazada,Búp bê Barbie,234
2024-11-30,Lazada,Labubu,347
2024-11-30,Lazada,Capybara,188
2024-11-30,Lazada,Gấu bông,337
2024-12-01,Shopee,Búp bê Barbie,114
2024-12-01,Shopee,Labubu,303
2024-12-01,Shopee,Capybara,336
2024-12-01,Shopee,Gấu bông,307
2024-12-01,TikTok,Búp bê Barbie,75
2024-12-01,TikTok,Labubu,147
2024-12-01,TikTok,Capybara,82
2024-12-01,TikTok,Gấu bông,82
2024-12-01,Lazada,Búp bê Barbie,248
2024-12-01,Lazada,Labubu,75
2024-12-01,Lazada,Capybara,195
2024-12-01,Lazada,Gấu bông,372
2024-12-02,Shopee,Búp bê Barbie,163
2024-12-02,Shopee,Labubu,70
2024-12-02,Shopee,Capybara,401
2024-12-02,Shopee,Gấu bông,274
2024-12-02,TikTok,Búp bê Barbie,71
2024-12-02,TikTok,Labubu,280
2024-12-02,TikTok,Capybara,388
2024-12-02,TikTok,Gấu bông,438
2024-12-02,Lazada,Búp bê Barbie,385
2024-12-02,Lazada,Labubu,431
2024-12-02,Lazada,Capybara,124
2024-12-02,Lazada,Gấu bông,79
2024-12-03,Shopee,Búp bê Barbie,253
2024-12-03,Shopee,Labubu,96
2024-12-03,Shopee,Capybara,139
2024-12-03,Shopee,Gấu bông,427
2024-12-03,TikTok,Búp bê Barbie,90
2024-12-03,TikTok,Labubu,422
2024-12-03,TikTok,Capybara,448
2024-12-03,TikTok,Gấu bông,410
2024-12-03,Lazada,Búp bê Barbie,168
2024-12-03,Lazada,Labubu,108
2024-12-03,Lazada,Capybara,416
2024-12-03,Lazada,Gấu bông,221
2024-12-04,Shopee,Búp bê Barbie,94
2024-12-04,Shopee,Labubu,157
2024-12-04,Shopee,Capybara,139
2024-12-04,Shopee,Gấu bông,293
2024-12-04,TikTok,Búp bê Barbie,185
2024-12-04,TikTok,Labubu,489
2024-12-04,TikTok,Capybara,222
2024-12-04,TikTok,Gấu bông,182
2024-12-04,Lazada,Búp bê Barbie,204
2024-12-04,Lazada,Labubu,142
2024-12-04,Lazada,Capybara,362
2024-12-04,Lazada,Gấu bông,297
2024-12-05,Shopee,Búp bê Barbie,486
2024-12-05,Shopee,Labubu,129
2024-12-05,Shopee,Capybara,332
2024-12-05,Shopee,Gấu bông,376
2024-12-05,TikTok,Búp bê Barbie,319
2024-12-05,TikTok,Labubu,199
2024-12-05,TikTok,Capybara,458
2024-12-05,TikTok,Gấu bông,156
2024-12-05,Lazada,Búp bê Barbie,360
2024-12-05,Lazada,Labubu,490
2024-12-05,Lazada,Capybara,170
2024-12-05,Lazada,Gấu bông,407
2024-12-06,Shopee,Búp bê Barbie,399
2024-12-06,Shopee,Labubu,374
2024-12-06,Shopee,Capybara,382
2024-12-06,Shopee,Gấu bông,465
2024-12-06,TikTok,Búp bê Barbie,327
2024-12-06,TikTok,Labubu,326
2024-12-06,TikTok,Capybara,445
2024-12-06,TikTok,Gấu bông,441
2024-12-06,Lazada,Búp bê Barbie,249
2024-12-06,Lazada,Labubu,55
2024-12-06,Lazada,Capybara,127
2024-12-06,Lazada,Gấu bông,333
2024-12-07,Shopee,Búp bê Barbie,183
2024-12-07,Shopee,Labubu,211
2024-12-07,Shopee,Capybara,398
2024-12-07,Shopee,Gấu bông,247
2024-12-07,TikTok,Búp bê Barbie,125
2024-12-07,TikTok,Labubu,398
2024-12-07,TikTok,Capybara,271
2024-12-07,TikTok,Gấu bông,464
2024-12-07,Lazada,Búp bê Barbie,76
2024-12-07,Lazada,Labubu,450
2024-12-07,Lazada,Capybara,172
2024-12-07,Lazada,Gấu bông,258
2024-12-08,Shopee,Búp bê Barbie,196
2024-12-08,Shopee,Labubu,130
2024-12-08,Shopee,Capybara,289
2024-12-08,Shopee,Gấu bông,459
2024-12-08,TikTok,Búp bê Barbie,395
2024-12-08,TikTok,Labubu,423
2024-12-08,TikTok,Capybara,317
2024-12-08,TikTok,Gấu bông,489
2024-12-08,Lazada,Búp bê Barbie,232
2024-12-08,Lazada,Labubu,249
2024-12-08,Lazada,Capybara,139
2024-12-08,Lazada,Gấu bông,443
2024-12-09,Shopee,Búp bê Barbie,249
2024-12-09,Shopee,Labubu,142
2024-12-09,Shopee,Capybara,346
2024-12-09,Shopee,Gấu bông,72
2024-12-09,TikTok,Búp bê Barbie,67
2024-12-09,TikTok,Labubu,480
2024-12-09,TikTok,Capybara,480
2024-12-09,TikTok,Gấu bông,184
2024-12-09,Lazada,Búp bê Barbie,424
2024-12-09,Lazada,Labubu,169
2024-12-09,Lazada,Capybara,437
2024-12-09,Lazada,Gấu bông,83
2024-12-10,Shopee,Búp bê Barbie,299
2024-12-10,Shopee,Labubu,134
2024-12-10,Shopee,Capybara,257
2024-12-10,Shopee,Gấu bông,247
2024-12-10,TikTok,Búp bê Barbie,66
2024-12-10,TikTok,Labubu,414
2024-12-10,TikTok,Capybara,169
2024-12-10,TikTok,Gấu bông,245
2024-12-10,Lazada,Búp bê Barbie,239
2024-12-10,Lazada,Labubu,50
2024-12-10,Lazada,Capybara,255
2024-12-10,Lazada,Gấu bông,170
2024-12-11,Shopee,Búp bê Barbie,343
2024-12-11,Shopee,Labubu,495
2024-12-11,Shopee,Capybara,222
2024-12-11,Shopee,Gấu bông,189
2024-12-11,TikTok,Búp bê Barbie,185
2024-12-11,TikTok,Labubu,293
2024-12-11,TikTok,Capybara,183
2024-12-11,TikTok,Gấu bông,453
2024-12-11,Lazada,Búp bê Barbie,306
2024-12-11,Lazada,Labubu,75
2024-12-11,Lazada,Capybara,214
2024-12-11,Lazada,Gấu bông,426
2024-12-12,Shopee,Búp bê Barbie,184
2024-12-12,Shopee,Labubu,234
2024-12-12,Shopee,Capybara,389
2024-12-12,Shopee,Gấu bông,226
2024-12-12,TikTok,Búp bê Barbie,368
2024-12-12,TikTok,Labubu,54
2024-12-12,TikTok,Capybara,246
2024-12-12,TikTok,Gấu bông,460
2024-12-12,Lazada,Búp bê Barbie,51
2024-12-12,Lazada,Labubu,425
2024-12-12,Lazada,Capybara,291
2024-12-12,Lazada,Gấu bông,437
2024-12-13,Shopee,Búp bê Barbie,174
2024-12-13,Shopee,Labubu,115
2024-12-13,Shopee,Capybara,74
2024-12-13,Shopee,Gấu bông,61
2024-12-13,TikTok,Búp bê Barbie,107
2024-12-13,TikTok,Labubu,421
2024-12-13,TikTok,Capybara,497
2024-12-13,TikTok,Gấu bông,255
2024-12-13,Lazada,Búp bê Barbie,402
2024-12-13,Lazada,Labubu,70
2024-12-13,Lazada,Capybara,53
2024-12-13,Lazada,Gấu bông,115
2024-12-14,Shopee,Búp bê Barbie,236
2024-12-14,Shopee,Labubu,357
2024-12-14,Shopee,Capybara,239
2024-12-14,Shopee,Gấu bông,93
2024-12-14,TikTok,Búp bê Barbie,242
2024-12-14,TikTok,Labubu,156
2024-12-14,TikTok,Capybara,494
2024-12-14,TikTok,Gấu bông,258
2024-12-14,Lazada,Búp bê Barbie,107
2024-12-14,Lazada,Labubu,250
2024-12-14,Lazada,Capybara,75
2024-12-14,Lazada,Gấu bông,155
2024-12-15,Shopee,Búp bê Barbie,138
2024-12-15,Shopee,Labubu,229
2024-12-15,Shopee,Capybara,447
2024-12-15,Shopee,Gấu bông,266
2024-12-15,TikTok,Búp bê Barbie,294
2024-12-15,TikTok,Labubu,461
2024-12-15,TikTok,Capybara,337
2024-12-15,TikTok,Gấu bông,467
2024-12-15,Lazada,Búp bê Barbie,115
2024-12-15,Lazada,Labubu,59
2024-12-15,Lazada,Capybara,165
2024-12-15,Lazada,Gấu bông,80
2024-12-16,Shopee,Búp bê Barbie,141
2024-12-16,Shopee,Labubu,173
2024-12-16,Shopee,Capybara,381
2024-12-16,Shopee,Gấu bông,243
2024-12-16,TikTok,Búp bê Barbie,139
2024-12-16,TikTok,Labubu,211
2024-12-16,TikTok,Capybara,412
2024-12-16,TikTok,Gấu bông,136
2024-12-16,Lazada,Búp bê Barbie,493
2024-12-16,Lazada,Labubu,455
2024-12-16,Lazada,Capybara,422
2024-12-16,Lazada,Gấu bông,141
2024-12-17,Shopee,Búp bê Barbie,381
2024-12-17,Shopee,Labubu,71
2024-12-17,Shopee,Capybara,308
2024-12-17,Shopee,Gấu bông,490
2024-12-17,TikTok,Búp bê Barbie,349
2024-12-17,TikTok,Labubu,78
2024-12-17,TikTok,Capybara,427
2024-12-17,TikTok,Gấu bông,318
2024-12-17,Lazada,Búp bê Barbie,124
2024-12-17,Lazada,Labubu,342
2024-12-17,Lazada,Capybara,285
2024-12-17,Lazada,Gấu bông,175
2024-12-18,Shopee,Búp bê Barbie,286
2024-12-18,Shopee,Labubu,389
2024-12-18,Shopee,Capybara,482
2024-12-18,Shopee,Gấu bông,408
2024-12-18,TikTok,Búp bê Barbie,84
2024-12-18,TikTok,Labubu,202
2024-12-18,TikTok,Capybara,226
2024-12-18,TikTok,Gấu bông,276
2024-12-18,Lazada,Búp bê Barbie,60
2024-12-18,Lazada,Labubu,421
2024-12-18,Lazada,Capybara,410
2024-12-18,Lazada,Gấu bông,100
2024-12-19,Shopee,Búp bê Barbie,71
2024-12-19,Shopee,Labubu,131
2024-12-19,Shopee,Capybara,141
2024-12-19,Shopee,Gấu bông,192
2024-12-19,TikTok,Búp bê Barbie,435
2024-12-19,TikTok,Labubu,424
2024-12-19,TikTok,Capybara,181
2024-12-19,TikTok,Gấu bông,315
2024-12-19,Lazada,Búp bê Barbie,200
2024-12-19,Lazada,Labubu,56
2024-12-19,Lazada,Capybara,98
2024-12-19,Lazada,Gấu bông,137
2024-12-20,Shopee,Búp bê Barbie,246
2024-12-20,Shopee,Labubu,341
2024-12-20,Shopee,Capybara,448
2024-12-20,Shopee,Gấu bông,403
2024-12-20,TikTok,Búp bê Barbie,275
2024-12-20,TikTok,Labubu,198
2024-12-20,TikTok,Capybara,328
2024-12-20,TikTok,Gấu bông,150
2024-12-20,Lazada,Búp bê Barbie,159
2024-12-20,Lazada,Labubu,469
2024-12-20,Lazada,Capybara,335
2024-12-20,Lazada,Gấu bông,159
2024-12-21,Shopee,Búp bê Barbie,183
2024-12-21,Shopee,Labubu,430
2024-12-21,Shopee,Capybara,249
2024-12-21,Shopee,Gấu bông,313
2024-12-21,TikTok,Búp bê Barbie,258
2024-12-21,TikTok,Labubu,221
2024-12-21,TikTok,Capybara,465
2024-12-21,TikTok,Gấu bông,142
2024-12-21,Lazada,Búp bê Barbie,230
2024-12-21,Lazada,Labubu,129
2024-12-21,Lazada,Capybara,448
2024-12-21,Lazada,Gấu bông,52
2024-12-22,Shopee,Búp bê Barbie,172
2024-12-22,Shopee,Labubu,139
2024-12-22,Shopee,Capybara,122
2024-12-22,Shopee,Gấu bông,389
2024-12-22,TikTok,Búp bê Barbie,223
2024-12-22,TikTok,Labubu,307
2024-12-22,TikTok,Capybara,173
2024-12-22,TikTok,Gấu bông,78
2024-12-22,Lazada,Búp bê Barbie,489
2024-12-22,Lazada,Labubu,434
2024-12-22,Lazada,Capybara,412
2024-12-22,Lazada,Gấu bông,466
2024-12-23,Shopee,Búp bê Barbie,121
2024-12-23,Shopee,Labubu,453
2024-12-23,Shopee,Capybara,488
2024-12-23,Shopee,Gấu bông,349
2024-12-23,TikTok,Búp bê Barbie,202
2024-12-23,TikTok,Labubu,325
2024-12-23,TikTok,Capybara,377
2024-12-23,TikTok,Gấu bông,417
2024-12-23,Lazada,Búp bê Barbie,493
2024-12-23,Lazada,Labubu,191
2024-12-23,Lazada,Capybara,223
2024-12-23,Lazada,Gấu bông,319
2024-12-24,Shopee,Búp bê Barbie,318
2024-12-24,Shopee,Labubu,496
2024-12-24,Shopee,Capybara,85
2024-12-24,Shopee,Gấu bông,161
2024-12-24,TikTok,Búp bê Barbie,320
2024-12-24,TikTok,Labubu,301
2024-12-24,TikTok,Capybara,322
2024-12-24,TikTok,Gấu bông,392
2024-12-24,Lazada,Búp bê Barbie,144
2024-12-24,Lazada,Labubu,461
2024-12-24,Lazada,Capybara,267
2024-12-24,Lazada,Gấu bông,354
2024-12-25,Shopee,Búp bê Barbie,210
2024-12-25,Shopee,Labubu,353
2024-12-25,Shopee,Capybara,52
2024-12-25,Shopee,Gấu bông,63
2024-12-25,TikTok,Búp bê Barbie,112
2024-12-25,TikTok,Labubu,459
2024-12-25,TikTok,Capybara,487
2024-12-25,TikTok,Gấu bông,163
2024-12-25,Lazada,Búp bê Barbie,268
2024-12-25,Lazada,Labubu,455
2024-12-25,Lazada,Capybara,89
2024-12-25,Lazada,Gấu bông,269
2024-12-26,Shopee,Búp bê Barbie,88
2024-12-26,Shopee,Labubu,172
2024-12-26,Shopee,Capybara,205
2024-12-26,Shopee,Gấu bông,184
2024-12-26,TikTok,Búp bê Barbie,154
2024-12-26,TikTok,Labubu,250
2024-12-26,TikTok,Capybara,362
2024-12-26,TikTok,Gấu bông,82
2024-12-26,Lazada,Búp bê Barbie,471
2024-12-26,Lazada,Labubu,272
2024-12-26,Lazada,Capybara,499
2024-12-26,Lazada,Gấu bông,191
2024-12-27,Shopee,Búp bê Barbie,395
2024-12-27,Shopee,Labubu,499
2024-12-27,Shopee,Capybara,132
2024-12-27,Shopee,Gấu bông,107
2024-12-27,TikTok,Búp bê Barbie,225
2024-12-27,TikTok,Labubu,344
2024-12-27,TikTok,Capybara,97
2024-12-27,TikTok,Gấu bông,356
2024-12-27,Lazada,Búp bê Barbie,210
2024-12-27,Lazada,Labubu,187
2024-12-27,Lazada,Capybara,382
2024-12-27,Lazada,Gấu bông,342
2024-12-28,Shopee,Búp bê Barbie,390
2024-12-28,Shopee,Labubu,352
2024-12-28,Shopee,Capybara,187
2024-12-28,Shopee,Gấu bông,123
2024-12-28,TikTok,Búp bê Barbie,235
2024-12-28,TikTok,Labubu,147
2024-12-28,TikTok,Capybara,289
2024-12-28,TikTok,Gấu bông,445
2024-12-28,Lazada,Búp bê Barbie,482
2024-12-28,Lazada,Labubu,141
2024-12-28,Lazada,Capybara,349
2024-12-28,Lazada,Gấu bông,479
2024-12-29,Shopee,Búp bê Barbie,333
2024-12-29,Shopee,Labubu,115
2024-12-29,Shopee,Capybara,427
2024-12-29,Shopee,Gấu bông,94
2024-12-29,TikTok,Búp bê Barbie,273
2024-12-29,TikTok,Labubu,177
2024-12-29,TikTok,Capybara,491
2024-12-29,TikTok,Gấu bông,356
2024-12-29,Lazada,Búp bê Barbie,241
2024-12-29,Lazada,Labubu,205
2024-12-29,Lazada,Capybara,112
2024-12-29,Lazada,Gấu bông,311
2024-12-30,Shopee,Búp bê Barbie,449
2024-12-30,Shopee,Labubu,477
2024-12-30,Shopee,Capybara,362
2024-12-30,Shopee,Gấu bông,134
2024-12-30,TikTok,Búp bê Barbie,277
2024-12-30,TikTok,Labubu,456
2024-12-30,TikTok,Capybara,224
2024-12-30,TikTok,Gấu bông,230
2024-12-30,Lazada,Búp bê Barbie,426
2024-12-30,Lazada,Labubu,168
2024-12-30,Lazada,Capybara,433
2024-12-30,Lazada,Gấu bông,318
2024-12-31,Shopee,Búp bê Barbie,73
2024-12-31,Shopee,Labubu,380
2024-12-31,Shopee,Capybara,245
2024-12-31,Shopee,Gấu bông,407
2024-12-31,TikTok,Búp bê Barbie,172
2024-12-31,TikTok,Labubu,494
2024-12-31,TikTok,Capybara,470
2024-12-31,TikTok,Gấu bông,195
2024-12-31,Lazada,Búp bê Barbie,136
2024-12-31,Lazada,Labubu,479
2024-12-31,Lazada,Capybara,111
2024-12-31,Lazada,Gấu bông,122
